,Date,Entreprises,NUMBER_EMPLOYEES_CSR,AUDIT_COMMITTEE_MEETINGS,SAY_PAY_SUPPORT_LEVEL,TOT_OTHER_COMP_AW_TO_CEO_&_EQUIV,TOTAL_EXEC_PAY_AS_PCT_OPEX,TOT_SALARIES_PAID_TO_CEO_&_EQUIV,TOT_SALARIES_&_BNS_PD_TO_EXECS,TOT_N_EQTY_INCENT_GIVEN_TO_EXECS,SAY_PAY_NUMBER_OF_VOTES_FOR,TOT_EXEC_PAY_AS_PCT_SG&A_NET_R&D,TOT_OPTION_AWARDS_GIVEN_TO_EXECS,TOT_EXEC_PAY_AS_PCT_TOT_PSNL_EXP,TOT_N_EQT_INCENT_GVN_TO_CEO_&_EQ,PCT_BOD_COMP_PD_IN_STK_AWD,NUM_EXECUTIVE_CHANGES,AVERAGE_BOD_TOTAL_COMPENSATION,ESG_DISCLOSURE_SCORE,CFO_TENURE_AS_OF_FY_END,CHG_OF_CTRL_BFIT_GOLD_CHUTE_AGR,CLAWBACK_PROVISION_FOR_EXEC_COMP,GENDER_PAY_GAP_BREAKOUT,BLANK_CHECK_PREFERRED_AUTHORIZED,Unnamed: 24
0,2005-12-31,IBE SM Equity,8252.0,,,,,,,,,,,,,,,,35.8491,,,,,,
1,2006-12-31,IBE SM Equity,8130.0,11.0,,,,,,,,,,,,,,,50.566,,,,,,
2,2007-12-31,IBE SM Equity,26196.0,14.0,,,,,,,,,,,,,,,60.0,,,,,,
3,2008-12-31,IBE SM Equity,30481.0,13.0,,,,,,,,,,,,,,,64.1509,,,,,,
4,2009-12-31,IBE SM Equity,30964.0,12.0,,,,2250000.0,4500000.0,,,,,,,,0.0,,65.283,,,,,,
5,2010-12-31,IBE SM Equity,31344.0,13.0,,,0.002,2250000.0,4602000.0,,,,,0.0079,,,1.0,,69.0566,,,,,,
6,2011-12-31,IBE SM Equity,32809.0,16.0,,,0.002,2250000.0,5500000.0,,,,,0.0079,,,0.0,,68.3019,,,,,,
7,2012-12-31,IBE SM Equity,30744.0,17.0,98.166,,0.002,2250000.0,6185000.0,,3963.68,,,0.0079,,,1.0,,72.4528,,0.0,0.0,,,
8,2013-12-31,IBE SM Equity,30650.0,14.0,98.217,61000.0,0.1178,2817000.0,8073000.0,,3966.57,,,0.6464,,,0.0,391538.4615,68.6792,,0.0,0.0,,,
9,2014-12-31,IBE SM Equity,29597.0,10.0,98.642,66000.0,0.1208,2817000.0,7314000.0,,4217.79,,,0.5347,,,1.0,308000.0,72.0755,,0.0,0.0,1.0,,
10,2015-12-31,IBE SM Equity,28860.0,15.0,97.841,66000.0,0.0766,2817000.0,6155000.0,,4370.91,,,0.3572,,,0.0,311000.0,71.3208,,0.0,0.0,1.0,,
11,2016-12-31,IBE SM Equity,30591.0,13.0,96.738,68000.0,0.0826,2250000.0,5435000.0,,4463.57,,84000.0,0.3764,,,0.0,332642.8571,73.9623,,0.0,0.0,1.0,,
12,2017-12-31,IBE SM Equity,34255.0,11.0,94.174,68000.0,0.085,2250000.0,7300000.0,,4298.45,,92000.0,0.417,,0.0,1.0,56842000.0,69.8113,,0.0,0.0,1.0,,
13,2018-12-31,IBE SM Equity,34078.0,12.0,92.579,157000.0,0.0943,2817000.0,7615000.0,,4232.82,,92000.0,0.4666,,0.0,0.0,660250.0,68.6792,,0.0,0.0,1.0,,
14,2019-12-31,IBE SM Equity,35374.0,12.0,91.945,72000.0,0.091,2817000.0,8340000.0,,4369.12,,92000.0,0.4406,,0.0,0.0,660250.0,70.566,,0.0,0.0,1.0,,
15,2005-12-31,ISP IM Equity,43666.0,,,,,,,,,,,,,,,,47.807,,,,,0.0,
16,2006-12-31,ISP IM Equity,42727.0,,,,,,,,,,,,,,,,51.7544,,,,,0.0,
17,2007-12-31,ISP IM Equity,95295.0,,,,0.0295,2423000.0,4298000.0,,,,,0.0554,,,2.0,,54.386,,,,,0.0,
18,2008-12-31,ISP IM Equity,106269.0,50.0,,0.0,0.0295,2000000.0,5745350.0,,,,,0.0554,,,1.0,,65.7895,,,,,0.0,
19,2009-12-31,ISP IM Equity,101700.0,53.0,,0.0,0.0295,2000000.0,6550350.0,,,,,0.0554,,,0.0,,67.1053,,,,,0.0,
20,2010-12-31,ISP IM Equity,100740.0,53.0,,0.0,0.0295,2000000.0,62099121.0,,,,,0.0554,,,11.0,,70.614,,,,,0.0,
21,2011-12-31,ISP IM Equity,97860.0,46.0,,0.0,0.0536,1323000.0,4183000.0,,,,,0.0962,,,3.0,274142.8571,70.1754,,0.0,1.0,,0.0,
22,2012-12-31,ISP IM Equity,95402.0,46.0,,0.0,0.1026,2300000.0,7862000.0,,,,,0.1937,,,2.0,243600.0,72.807,4.5833,0.0,1.0,,0.0,
23,2013-12-31,ISP IM Equity,93212.0,48.0,96.623,436000.0,0.1023,3333000.0,8608000.0,,8956.12,,,0.2477,,,5.0,285777.7778,74.1228,5.5833,0.0,1.0,,0.0,
24,2014-12-31,ISP IM Equity,88932.0,51.0,96.623,119000.0,0.0752,1634000.0,5371000.0,,8956.12,,,0.1479,,,1.0,245250.0,76.7544,1.6667,0.0,1.0,1.0,0.0,
25,2015-12-31,ISP IM Equity,87642.0,48.0,96.623,119000.0,0.0563,1650000.0,5135000.0,,8956.12,,,0.1142,,,0.0,253300.0,71.9298,2.6667,0.0,1.0,1.0,0.0,
26,2016-12-31,ISP IM Equity,95025.0,19.0,96.623,338000.0,0.0617,2412000.0,5336000.0,,8956.12,,,0.1199,,,2.0,327000.0,70.614,3.6667,0.0,1.0,1.0,0.0,
27,2017-12-31,ISP IM Equity,94032.0,37.0,96.623,119000.0,0.0357,2600000.0,3875000.0,,8956.12,,,0.0638,,,0.0,238277.7778,69.7368,3.6667,0.0,1.0,1.0,0.0,
28,2018-12-31,ISP IM Equity,98055.0,42.0,96.623,59000.0,0.0459,2600000.0,4216000.0,,8956.12,,,0.0852,,,0.0,245166.6667,71.0526,3.6667,0.0,1.0,1.0,0.0,
29,2019-12-31,ISP IM Equity,95112.0,36.0,96.623,59000.0,0.0466,2613000.0,4507000.0,,8956.12,,,0.0878,,,0.0,316636.3636,69.2982,3.6667,0.0,1.0,1.0,0.0,
30,2005-12-31,BAYN GR Equity,82600.0,,,,,,,,,,,,,,,,,,,,,,
31,2006-12-31,BAYN GR Equity,106000.0,4.0,,,,,,,,,,,,,,,39.6694,,,,,,
32,2007-12-31,BAYN GR Equity,106200.0,4.0,,,0.079,748872.0,7754442.0,,,0.099,,0.13,,,0.0,89363.837,49.1736,,,,,,
33,2008-12-31,BAYN GR Equity,108600.0,4.0,,,0.108,794000.0,7603000.0,,,0.134,,0.192,,,0.0,114950.0,52.0661,,,,,,
34,2009-12-31,BAYN GR Equity,111000.0,4.0,,,0.095,812000.0,7598000.0,,,0.118,,0.093,,,0.0,114950.0,58.2645,,,,,,
35,2010-12-31,BAYN GR Equity,111400.0,4.0,,,0.116,1773000.0,11485000.0,,,0.143,,0.228,,,4.0,109190.476,64.0496,1.0,,,,,
36,2011-12-31,BAYN GR Equity,111800.0,4.0,,,0.116,1773000.0,0.0,,,0.143,,0.228,,,4.0,114950.0,64.0496,1.0,1.0,0.0,,,
37,2012-12-31,BAYN GR Equity,110500.0,4.0,,,0.057,1773000.0,4668000.0,,,0.069,,0.111,,,0.0,109962.963,64.4628,3.0,1.0,0.0,,,
38,2013-12-31,BAYN GR Equity,113200.0,4.0,,,0.109,1347000.0,8486000.0,,,0.137,,0.191,,,4.0,165450.0,64.0496,4.0,1.0,0.0,,,
39,2014-12-31,BAYN GR Equity,118900.0,4.0,,,0.124,1363000.0,9169000.0,,,0.158,,0.214,,,5.0,156476.19,66.5289,0.25,1.0,0.0,0.0,,
40,2015-12-31,BAYN GR Equity,116800.0,4.0,81.098,40000.0,0.095,1374000.0,8818000.0,,392.994,0.121,,0.169,,,1.0,149590.909,66.1157,1.25,1.0,0.0,0.0,,
41,2016-12-31,BAYN GR Equity,115200.0,4.0,81.098,146000.0,0.174,1760000.0,15448000.0,,392.994,0.23,,0.333,,,6.0,158136.364,66.9421,2.25,1.0,0.0,0.0,,
42,2017-12-31,BAYN GR Equity,99820.0,4.0,81.098,49000.0,0.171,1487000.0,12296000.0,,392.994,0.226,,0.334,,0.0,0.0,142423.077,65.7025,3.25,1.0,0.0,0.0,,
43,2018-12-31,BAYN GR Equity,116998.0,4.0,81.098,46000.0,0.141,1511000.0,12763000.0,,392.994,0.182,,0.301,,0.0,6.0,185571.429,61.9835,0.583,1.0,0.0,0.0,,
44,2019-12-31,BAYN GR Equity,105224.0,4.0,81.098,47000.0,0.139,1650000.0,13230000.0,,392.994,0.18,,0.277,,0.0,3.0,185600.0,67.7686,1.583,1.0,0.0,0.0,,
45,2005-12-31,ENEL IM Equity,51778.0,,,,,,,,,,,,,,,,38.4298,,,,0.0,,
46,2006-12-31,ENEL IM Equity,43557.0,,,,,,,,,,,,,,,,38.843,,,,0.0,,
47,2007-12-31,ENEL IM Equity,73500.0,,,1902582.3,0.0157,600000.0,2310000.0,,,,,0.1775,,,0.0,118107.1429,43.3884,,,,0.0,,
48,2008-12-31,ENEL IM Equity,75981.0,,,2036308.24,0.0118,600000.0,2110000.0,,,,,0.1511,,,0.0,91993.4144,49.1736,,,,0.0,,
49,2009-12-31,ENEL IM Equity,81208.0,,,1411614.18,0.0096,600000.0,2242426.23,,,0.0096,,0.1042,,,0.0,119107.1429,57.8512,,,,0.0,,
50,2010-12-31,ENEL IM Equity,78313.0,13.0,,2661678.51,0.0142,600000.0,3960000.0,,,0.0142,,0.1794,,,0.0,118571.4286,64.4628,,0.0,0.0,0.0,,
51,2011-12-31,ENEL IM Equity,75360.0,13.0,,2661678.51,0.0089,1382582.0,4314455.0,2931873.0,,0.0089,,0.1418,2931873.0,,0.0,89733.8,67.3554,,0.0,0.0,0.0,,
52,2012-12-31,ENEL IM Equity,73702.0,13.0,,0.0,0.0089,1423357.0,5298393.0,3125036.0,,0.0089,,0.12,2525036.0,,1.0,143142.8571,68.1818,,0.0,0.0,0.0,,
53,2013-12-31,ENEL IM Equity,71394.0,13.0,,74365.0,0.0063,1424261.0,3203735.0,3125036.0,,0.0089,,0.0956,2525036.0,19.0535,0.0,275540.5,66.9421,,0.0,0.0,0.0,,
54,2014-12-31,ENEL IM Equity,68961.0,13.0,,74365.0,0.0063,1424261.0,0.0,3125036.0,,0.0089,,0.0956,2525036.0,19.0535,0.0,143171.0,66.9421,,0.0,0.0,0.0,,
55,2015-12-31,ENEL IM Equity,67914.0,13.0,,127050.0,0.0045,1155000.0,2541000.0,3125036.0,,0.0089,,0.0569,2525036.0,19.0535,0.0,146155.5,68.1818,,0.0,0.0,0.0,,
56,2016-12-31,ENEL IM Equity,62080.0,13.0,97.291,127050.0,0.0054,1155000.0,2808585.0,3125036.0,5723.24,0.0089,,0.0715,2525036.0,19.0535,0.0,156398.25,68.1818,,0.0,0.0,0.0,,
57,2017-12-31,ENEL IM Equity,62900.0,15.0,87.66,161700.0,0.0078,1366689.0,4222401.0,3125036.0,5456.94,0.0089,,0.1117,2525036.0,19.0535,0.0,173221.0,68.595,,0.0,0.0,1.0,,
58,2018-12-31,ENEL IM Equity,69272.0,14.0,95.894,161700.0,0.0092,1470000.0,4868094.0,3125036.0,6169.5,0.0089,,0.1316,2525036.0,19.0535,0.0,179460.625,67.3554,,1.0,0.0,1.0,,
59,2019-12-31,ENEL IM Equity,68253.0,12.0,97.401,161700.0,0.0084,1470000.0,5247606.0,3125036.0,6977.68,0.0089,,0.1325,2525036.0,19.0535,0.0,178639.75,65.7025,,1.0,0.0,1.0,,
60,2005-12-31,FP FP Equity,112877.0,7.0,,,,,,,,,,,,,,,48.5477,,,,,,
61,2006-12-31,FP FP Equity,95070.0,6.0,,,,,,,,,,,,,,,50.2075,,,,,,
62,2007-12-31,FP FP Equity,96442.0,6.0,,,0.0061,2343286.0,4724535.0,,,0.0062,,0.113,,,2.0,84249.2,52.6971,,,,,,
63,2008-12-31,FP FP Equity,96959.0,7.0,,,0.0027,1250000.0,2746335.0,,,0.0027,,0.0603,,,0.0,74129.6667,48.5477,,,,,,
64,2009-12-31,FP FP Equity,96387.0,6.0,,,0.0043,1310000.0,2862875.0,,,0.0044,,0.0686,,,0.0,90874.6154,53.9419,,,,,,
65,2010-12-31,FP FP Equity,92855.0,6.0,,,0.0049,1426452.0,3534850.0,,,0.0049,,0.0955,,,1.0,75942.8462,56.8465,,,,,,
66,2011-12-31,FP FP Equity,96104.0,6.0,,,0.0029,1500000.0,3081670.0,,,0.0029,,0.0632,,,0.0,108263.6875,56.0166,,,,,,
67,2012-12-31,FP FP Equity,97126.0,8.0,99.369,,0.0024,1500000.0,3030000.0,,1423.37,0.0025,,0.0552,,,0.0,111135.8125,55.6017,,0.0,0.0,,,
68,2013-12-31,FP FP Equity,98799.0,7.0,99.369,,0.0024,1500000.0,0.0,,1423.37,0.0025,,0.0552,,,0.0,9796.1875,60.166,,1.0,0.0,,,
69,2014-12-31,FP FP Equity,100307.0,7.0,99.369,,0.0029,1441644.0,3428844.0,,1423.37,0.0029,,0.06,,,2.0,87107.1429,60.166,,1.0,0.0,,,
70,2015-12-31,FP FP Equity,96019.0,7.0,99.369,36390.0,0.0013,1200000.0,1495469.0,,1423.37,0.0013,,0.023,,,0.0,94381.7333,60.9959,,1.0,0.0,0.0,,
71,2016-12-31,FP FP Equity,102168.0,7.0,99.369,58945.0,0.0032,1400000.0,3214400.0,,1423.37,0.0032,,0.0474,,,0.0,95305.1333,60.9959,,1.0,0.0,0.0,,
72,2017-12-31,FP FP Equity,98277.0,7.0,81.955,67976.0,0.0036,1400000.0,3739400.0,,1491.3,0.0036,,0.0635,,0.0,0.0,82497.1429,66.805,,1.0,0.0,1.0,,
73,2018-12-31,FP FP Equity,104460.0,7.0,92.951,69232.0,0.0031,1400000.0,3800300.0,,1691.02,0.0031,,0.0573,,0.0,0.0,109348.8333,63.4855,,1.0,0.0,1.0,,
74,2019-12-31,FP FP Equity,107776.0,7.0,91.783,67625.0,0.0025,1400000.0,3125900.0,,1600.05,0.0025,,0.0444,,0.0,0.0,114294.6429,65.5602,,1.0,0.0,1.0,,
75,2005-12-31,CRH ID Equity,,,,,,,,,,,,,,,,,,,,,,,
76,2006-12-31,CRH ID Equity,79560.0,12.0,,,,,,,,,,,,,,,40.9091,,,,,,
77,2007-12-31,CRH ID Equity,92033.0,12.0,,,0.2072,2070000.0,5389000.0,,,,,0.2508,,,1.0,121500.0,43.8017,4.1667,,,,,
78,2008-12-31,CRH ID Equity,93572.0,13.0,,,0.1369,1841000.0,3712000.0,,,,,0.1667,,,3.0,138555.5556,45.0413,5.1667,,,,,
79,2009-12-31,CRH ID Equity,79822.0,14.0,,,0.2304,1150000.0,4348000.0,,,0.2304,,0.2472,,,3.0,122809.0,45.8678,5.1667,,,,,
80,2010-12-31,CRH ID Equity,76418.0,14.0,96.42,,0.1973,1150000.0,4395000.0,,419.154,0.1973,,0.2255,,,2.0,130200.0,50.4132,0.6667,0.0,0.0,,,
81,2011-12-31,CRH ID Equity,76433.0,9.0,96.589,,0.2315,1150000.0,4957000.0,,479.772,0.2315,,0.2632,,,0.0,123700.0,51.2397,1.6667,0.0,0.0,,,
82,2012-12-31,CRH ID Equity,76175.0,9.0,97.749,23000.0,0.2111,1150000.0,5052000.0,,497.461,0.2111,,0.2361,,,0.0,134777.7778,57.0248,2.6667,0.0,1.0,,,
83,2013-12-31,CRH ID Equity,73960.0,8.0,98.112,23000.0,0.2909,1180000.0,5478000.0,,488.245,0.2909,,0.3717,,,1.0,146777.7778,59.9174,3.6667,1.0,1.0,0.0,,
84,2014-12-31,CRH ID Equity,76000.0,10.0,94.389,39000.0,0.2554,1200000.0,7153000.0,,529.426,0.2554,,0.3068,,,1.0,139100.0,59.5041,4.6667,1.0,1.0,0.0,,
85,2015-12-31,CRH ID Equity,89000.0,9.0,91.348,22000.0,0.282,1290000.0,7563000.0,,506.791,0.282,266000.0,0.3308,,,0.0,122666.6667,64.4628,5.6667,1.0,1.0,0.0,,
86,2016-12-31,CRH ID Equity,86778.0,8.0,82.31,22000.0,0.3901,2093000.0,11342000.0,,422.888,0.3901,483000.0,0.4692,,,3.0,131461.5385,64.4628,1.0,1.0,1.0,0.0,,
87,2017-12-31,CRH ID Equity,85300.0,7.0,60.308,22000.0,0.2507,2154000.0,8451000.0,,307.393,0.2507,483000.0,0.294,,0.0,1.0,139166.6667,64.4628,2.0,1.0,1.0,0.0,,
88,2018-12-31,CRH ID Equity,89800.0,7.0,84.516,22000.0,0.2258,2224000.0,6888000.0,,414.527,0.2507,483000.0,0.2468,,0.0,0.0,139833.3333,64.4628,3.0,1.0,1.0,0.0,,
89,2019-12-31,CRH ID Equity,80300.0,6.0,90.72,22000.0,0.2389,9311000.0,12464000.0,,487.171,0.2507,483000.0,0.2516,,0.0,0.0,156076.9231,65.2893,4.0,1.0,1.0,0.0,,
90,2005-12-31,ENI IM Equity,72258.0,,,,,,,,,,,,,,,,41.4938,,,,,,
91,2006-12-31,ENI IM Equity,73572.0,,,,,,,,,,,,,,,,54.7718,,,,,,
92,2007-12-31,ENI IM Equity,75862.0,18.0,,0.0,0.0125,1016000.0,5826000.0,,,0.0126,,0.2281,,,2.0,267600.0,60.5809,,,,,,
93,2008-12-31,ENI IM Equity,78880.0,22.0,,0.0,0.0193,1363000.0,11416000.0,,,0.0126,,0.436,,,2.0,212333.3333,61.8257,,,,,,
94,2009-12-31,ENI IM Equity,78417.0,26.0,,0.0,0.017,1017000.0,8384000.0,,,0.0171,,0.2942,,,0.0,289333.3333,65.1452,,,,,,
95,2010-12-31,ENI IM Equity,73768.0,20.0,,0.0,0.0147,1032000.0,8777000.0,,,0.0147,,0.2555,,,2.0,317666.6667,67.2199,,,,,,
96,2011-12-31,ENI IM Equity,78686.0,20.0,93.918,0.0,0.0151,1000000.0,9484000.0,,2090.7,0.0152,,0.3153,,,0.0,181422.2,65.9751,,0.0,0.0,,,
97,2012-12-31,ENI IM Equity,77838.0,20.0,96.621,0.0,0.0107,1000000.0,8988000.0,,2135.38,0.0107,,0.2612,,,0.0,196250.0,63.0705,,0.0,0.0,,,
98,2013-12-31,ENI IM Equity,82289.0,20.0,97.872,0.0,0.01,1430000.0,8045000.0,,2097.52,0.01,,0.2026,,,0.0,182857.1429,60.9959,,0.0,0.0,1.0,,
99,2014-12-31,ENI IM Equity,83599.0,20.0,94.74,500000.0,0.0081,1379000.0,4771000.0,,1979.95,0.0081,,0.2735,,,2.0,83357.1429,62.2407,,0.0,0.0,1.0,,
100,2015-12-31,ENI IM Equity,28246.0,20.0,97.232,15000.0,0.0035,1350000.0,2420000.0,,2073.86,0.0035,,0.0867,,,0.0,144875.0,65.9751,,0.0,0.0,1.0,,
101,2016-12-31,ENI IM Equity,33536.0,20.0,96.935,15000.0,0.0063,1350000.0,3105000.0,,2205.98,0.0064,,0.1153,,,0.0,151500.0,63.4855,,0.0,1.0,1.0,,
102,2017-12-31,ENI IM Equity,32934.0,20.0,80.553,15000.0,0.0071,1537000.0,3940000.0,,1938.99,0.0071,,0.1514,,,1.0,209285.7143,63.4855,,0.0,1.0,1.0,,
103,2018-12-31,ENI IM Equity,31701.0,20.0,96.845,17000.0,0.0105,1600000.0,5916000.0,,2265.45,0.0105,,0.2158,,,0.0,221250.0,63.4855,,0.0,1.0,1.0,,
104,2019-12-31,ENI IM Equity,32053.0,20.0,96.02,23000.0,0.0099,1600000.0,5671000.0,,1961.17,0.0105,,0.2015,,,1.0,207625.0,65.1452,,0.0,1.0,1.0,,
105,2005-12-31,KER FP Equity,,,,,,,,,,,,,,,,,,,,,,,
106,2006-12-31,KER FP Equity,78453.0,4.0,,,,,,,,,,,,,,,42.1053,,,,,,
107,2007-12-31,KER FP Equity,92454.0,4.0,,,0.06,999996.0,2633666.0,,,,,0.16,,,0.0,,46.89,2.08,,,,,
108,2008-12-31,KER FP Equity,88025.0,4.0,,,0.08,999996.0,3297426.0,,,,,0.2,,,0.0,,57.4163,3.08,,,,,
109,2009-12-31,KER FP Equity,73245.0,4.0,,,0.05,999996.0,1704593.0,,,,,0.13,,,0.0,,56.4593,3.08,,,,,
110,2010-12-31,KER FP Equity,60066.0,6.0,,,0.14,999996.0,3968706.0,,,,,0.35,,,0.0,,59.8086,3.08,0.0,0.0,,,
111,2011-12-31,KER FP Equity,46905.0,7.0,,,0.19,1099996.0,4422516.0,,,,,0.53,,,0.0,,58.3732,3.08,0.0,0.0,,,
112,2012-12-31,KER FP Equity,33439.0,4.0,,,0.16,1099996.0,5014329.0,,,,,0.45,,,0.0,,61.7225,3.08,0.0,0.0,,,
113,2013-12-31,KER FP Equity,35786.0,4.0,,,0.16,1099996.0,4702361.0,,,,,0.49,,,0.0,68641.09,61.7225,3.08,0.0,0.0,0.0,,
114,2014-12-31,KER FP Equity,37441.0,4.0,,,0.17,1099996.0,4395514.0,,,,,0.51,,,1.0,60044.36,60.7656,3.08,0.0,0.0,0.0,,
115,2015-12-31,KER FP Equity,38801.0,4.0,,,0.12,1099996.0,4857751.0,,,,,0.38,,,0.0,125604.64,60.7656,3.08,0.0,0.0,0.0,,
116,2016-12-31,KER FP Equity,40052.0,5.0,,17222.0,0.1,1099996.0,4152409.0,,,,,0.31,,,1.0,159535.18,59.3301,3.08,0.0,0.0,0.0,,
117,2017-12-31,KER FP Equity,44055.0,4.0,,6476.0,0.13,1200000.0,4832846.0,,,,,0.39,,0.0,0.0,130600.36,60.2871,3.08,0.0,0.0,0.0,,
118,2018-12-31,KER FP Equity,34795.0,4.0,,16421.0,0.63,1200000.0,33187654.0,,,,,1.96,,0.0,0.0,124208.92,61.7225,3.08,0.0,0.0,0.0,,
119,2019-12-31,KER FP Equity,38068.0,5.0,,5017637.0,0.52,1200000.0,23811175.0,,,,,1.62,,0.0,0.0,60222.69,63.6364,3.08,0.0,0.0,0.0,,
120,2005-12-31,BMW GR Equity,105798.0,,,,,,,,,,,,,,,,42.1488,,,,,,
121,2006-12-31,BMW GR Equity,106575.0,,,,,,,,,,,,,,,,44.6281,,,,,,
122,2007-12-31,BMW GR Equity,107539.0,,,15222.0,0.249,600000.0,14948100.0,,,0.384,,0.277,,,4.0,144126.316,45.0413,0.25,,,,,
123,2008-12-31,BMW GR Equity,100041.0,,,16271.0,0.302,600000.0,10616345.0,,,0.645,,0.222,,,6.0,67042.696,50.8264,0.083,,,,,
124,2009-12-31,BMW GR Equity,96230.0,5.0,,16215.0,0.283,840000.0,10361875.0,,,0.555,,0.228,,,0.0,80471.526,54.9587,1.083,0.0,0.0,,,
125,2010-12-31,BMW GR Equity,95453.0,7.0,,17716.0,0.413,840000.0,18034938.0,,,1.333,,0.326,,,0.0,147977.905,60.3306,2.083,0.0,0.0,,,
126,2011-12-31,BMW GR Equity,100306.0,7.0,,22455.0,0.566,1020000.0,26386409.0,,,1.791,,0.49,,,0.0,222750.9,59.0909,3.083,1.0,0.0,,,
127,2012-12-31,BMW GR Equity,105876.0,6.0,,112835.0,0.535,1500000.0,30462600.0,,,1.1219999999999999,,0.473,,,5.0,203454.545,64.876,4.083,1.0,0.0,0.0,,
128,2013-12-31,BMW GR Equity,110351.0,7.0,96.557,119232.0,0.53,1500000.0,29457600.0,,439.19,1.427,,0.449,,,3.0,207169.773,64.876,5.083,0.0,0.0,0.0,,
129,2014-12-31,BMW GR Equity,116324.0,7.0,96.557,30152.0,0.502,1500000.0,30376336.0,,439.19,1.126,,0.424,,,2.0,223693.333,64.4628,6.083,0.0,0.0,0.0,,
130,2015-12-31,BMW GR Equity,122244.0,7.0,96.557,33461.0,0.386,1833064.0,30245323.0,,439.19,0.91,,0.318,,,3.0,229682.227,66.1157,7.083,0.0,0.0,0.0,,
131,2016-12-31,BMW GR Equity,124729.0,7.0,96.557,18719.0,0.38,1500000.0,32048410.0,,439.19,0.819,,0.318,,,3.0,269686.0,66.1157,8.083,0.0,0.0,0.0,,
132,2017-12-31,BMW GR Equity,129932.0,7.0,78.685,21464.0,0.438,1500000.0,38929048.0,,374.821,1.063,,0.378,,,4.0,267540.19,66.1157,1.0,0.0,0.0,1.0,,
133,2018-12-31,BMW GR Equity,134682.0,8.0,78.685,22392.0,0.287,1800000.0,18152551.0,,374.821,0.952,,0.227,,,3.0,268026.905,63.6364,2.0,0.0,0.0,1.0,,
134,2019-12-31,BMW GR Equity,133778.0,7.0,78.685,138544.0,0.217,2392473.0,16356420.0,,374.821,0.516,,0.193,,,7.0,245204.0,63.6364,3.0,0.0,0.0,1.0,,
135,2005-12-31,VOW3 GR Equity,344902.0,5.0,,,,,,,,,,,,,,,,,,,,,
136,2006-12-31,VOW3 GR Equity,324875.0,4.0,,,,,,,,,,,,,,,,,,,,,
137,2007-12-31,VOW3 GR Equity,329305.0,4.0,,,0.144,1225996.0,13011810.0,,,0.232,617650.0,0.128,,,4.0,173780.88,,4.333,,,,,
138,2008-12-31,VOW3 GR Equity,369928.0,4.0,,,0.269,1636572.0,14915433.0,,,0.385,20959950.0,0.334,,,0.0,207958.773,46.6942,5.333,0.0,0.0,,,
139,2009-12-31,VOW3 GR Equity,370000.0,4.0,,,0.134,1700317.0,15733886.0,,,0.207,0.0,0.137,,,0.0,163919.957,47.5207,6.333,0.0,0.0,0.0,,
140,2010-12-31,VOW3 GR Equity,399381.0,5.0,,,0.175,1730210.0,22699784.0,,,0.235,0.0,0.224,,,4.0,222835.833,55.7851,7.333,0.0,0.0,0.0,,
141,2011-12-31,VOW3 GR Equity,501956.0,4.0,,,0.406,1886206.0,46578335.0,,,0.609,0.0,0.367,,,0.0,335279.545,54.9587,8.333,0.0,0.0,0.0,,
142,2012-12-31,VOW3 GR Equity,549763.0,4.0,,,0.233,1916276.0,39733010.0,,,0.335,0.0,0.246,,,4.0,398977.909,57.0248,9.333,0.0,0.0,0.0,,
143,2013-12-31,VOW3 GR Equity,572800.0,5.0,,,0.288,1907862.0,45427628.0,,,0.477,0.0,0.268,,,0.0,414236.25,64.0496,10.333,0.0,0.0,0.0,,
144,2014-12-31,VOW3 GR Equity,592586.0,4.0,,,0.327,1617025.0,20265720.0,,,0.608,0.0,0.275,,,1.0,607472.5,64.0496,11.333,0.0,0.0,0.0,,
145,2015-12-31,VOW3 GR Equity,610076.0,6.0,,318005.0,0.22,2237610.0,37238111.0,,,0.318,0.0,0.266,,,9.0,26195.962,64.0496,0.25,0.0,0.0,0.0,,
146,2016-12-31,VOW3 GR Equity,626715.0,6.0,80.957,178651.0,0.125,1584000.0,19847804.0,,221.035,0.183,0.0,0.146,,,2.0,245298.5,61.9835,1.25,0.0,0.0,0.0,,
147,2017-12-31,VOW3 GR Equity,642292.0,5.0,80.957,192735.0,0.167,2125000.0,26634278.0,,221.035,0.25,0.0,0.171,,0.0,2.0,137642.739,64.4628,2.25,0.0,0.0,0.0,,
148,2018-12-31,VOW3 GR Equity,664496.0,5.0,80.957,146768.0,0.161,2507497.0,24277737.0,,221.035,0.237,0.0,0.168,,0.0,8.0,216142.143,63.6364,3.25,0.0,0.0,0.0,,
149,2019-12-31,VOW3 GR Equity,671205.0,6.0,80.957,87694.0,0.14,2125000.0,24293972.0,,221.035,0.211,0.0,0.139,,0.0,2.0,242143.409,63.6364,4.25,0.0,0.0,0.0,,
150,2005-12-31,BAS GR Equity,80945.0,,,,,,,,,,,,,,,,36.7769,,,,,,
151,2006-12-31,BAS GR Equity,95247.0,3.0,,,,,,,,,,,,,,,51.6529,,,,,,
152,2007-12-31,BAS GR Equity,95175.0,3.0,,,137.609,1100000.0,7811775000.0,,,162.307,,187.675,,,2.0,207058.824,53.719,4.667,,,,,
153,2008-12-31,BAS GR Equity,96924.0,4.0,,,0.293,1100000.0,15747000.0,,,0.342,,0.43,,,7.0,25973.684,57.8512,5.667,,,,,
154,2009-12-31,BAS GR Equity,104779.0,5.0,,,0.184,1100000.0,12004000.0,,,0.211,,0.29,,,0.0,88835.714,61.9835,6.667,1.0,0.0,,,
155,2010-12-31,BAS GR Equity,109140.0,5.0,,,0.256,1100000.0,19703000.0,,,0.294,384000.0,0.359,,,0.0,216346.154,64.0496,7.667,1.0,0.0,,,
156,2011-12-31,BAS GR Equity,111141.0,5.0,,,0.267,1467000.0,21971000.0,,,0.305,4981000.0,0.395,,,7.0,243541.667,65.7025,0.667,1.0,0.0,,,
157,2012-12-31,BAS GR Equity,113262.0,5.0,,,0.234,1200000.0,20441000.0,,,0.27,3980000.0,0.34,,,2.0,243541.667,63.6364,1.667,1.0,0.0,,,
158,2013-12-31,BAS GR Equity,112206.0,5.0,,,0.274,1200000.0,18587000.0,,,0.32,5458000.0,0.379,,,0.0,243541.667,64.876,2.667,1.0,0.0,,,
159,2014-12-31,BAS GR Equity,113292.0,5.0,,,0.288,1300000.0,18698000.0,,,0.339,5458000.0,0.396,,,1.0,200033.333,63.2231,3.667,1.0,0.0,0.0,,
160,2015-12-31,BAS GR Equity,112435.0,5.0,,215000.0,0.227,1300000.0,18739000.0,,,0.263,5458000.0,0.324,,,3.0,245233.333,62.3967,4.667,1.0,0.0,0.0,,
161,2016-12-31,BAS GR Equity,113830.0,5.0,,68000.0,0.224,1300000.0,18177000.0,,,0.26,5458000.0,0.296,,,0.0,225961.538,62.3967,5.667,1.0,0.0,0.0,,
162,2017-12-31,BAS GR Equity,115490.0,5.0,79.57,84000.0,0.294,1600000.0,22299000.0,,370.989,0.34,5458000.0,0.379,,,4.0,256092.308,66.9421,6.667,1.0,0.0,1.0,,
163,2018-12-31,BAS GR Equity,122404.0,5.0,79.57,182000.0,0.315,1973000.0,13941000.0,,370.989,0.371,5458000.0,0.388,,,2.0,238307.143,65.7025,7.667,1.0,1.0,1.0,,
164,2019-12-31,BAS GR Equity,117628.0,5.0,79.57,60000.0,0.236,1600000.0,13328000.0,,370.989,0.279,5458000.0,0.303,,,0.0,239014.286,63.2231,8.667,1.0,1.0,1.0,,
165,2005-12-31,MC FP Equity,66029.0,,,,,,,,,,,,,,,,20.5742,,,,,,
166,2006-12-31,MC FP Equity,69612.0,,,,,,,,,,,,,,,,28.7081,,,,,,
167,2007-12-31,MC FP Equity,78228.0,,,,0.18,1702011.0,14265736.0,,,0.18,,0.47,,,0.0,88994.94,42.1053,,,,,,
168,2008-12-31,MC FP Equity,81640.0,,,,0.19,1679396.0,15532171.0,,,0.19,,0.47,,,0.0,72949.41,39.7129,,,,,,
169,2009-12-31,MC FP Equity,83043.0,,,,0.17,1704672.0,17514780.0,,,0.17,,0.42,,,0.0,111263.81,45.4545,,,,,,
170,2010-12-31,MC FP Equity,83542.0,4.0,,,0.14,1728399.0,17546784.0,,,0.14,,0.35,,,0.0,101377.38,46.4115,,0.0,0.0,,,
171,2011-12-31,MC FP Equity,97559.0,4.0,,,0.14,1713101.0,21188463.0,,,0.14,,0.35,,,1.0,63517.5,52.6316,,0.0,0.0,,,
172,2012-12-31,MC FP Equity,106348.0,4.0,,,0.1,1191563.0,14566559.0,,,0.1,,0.25,,,0.0,55548.93,55.0239,,0.0,0.0,,,
173,2013-12-31,MC FP Equity,114635.0,4.0,,,0.09,1519018.0,19572549.0,,,0.09,,0.23,,,1.0,829476.29,55.0239,,0.0,0.0,,,
174,2014-12-31,MC FP Equity,121289.0,5.0,,,0.09,1069126.0,9408844.0,,,0.09,,0.24,,,0.0,731086.33,55.9809,,0.0,0.0,0.0,,
175,2015-12-31,MC FP Equity,125346.0,4.0,,0.0,0.1,1145326.0,14463602.0,,,0.1,,0.26,,,2.0,610718.71,57.4163,,0.0,0.0,0.0,,
176,2016-12-31,MC FP Equity,134476.0,4.0,,0.0,0.06,1151629.0,8908431.0,,,0.06,,0.15,,,0.0,494064.41,57.8947,,0.0,0.0,0.0,,
177,2017-12-31,MC FP Equity,145247.0,4.0,82.574,37807.0,0.05,1139947.0,8896749.0,,498.492,0.05,,0.14,,0.0,0.0,515177.53,57.4163,,0.0,0.0,0.0,,
178,2018-12-31,MC FP Equity,156088.0,4.0,84.109,41359.0,0.09,1119382.0,15296229.0,,515.7090000000001,0.09,,0.22,,0.0,0.0,357924.53,59.8086,,0.0,0.0,0.0,,
179,2019-12-31,MC FP Equity,163309.0,4.0,82.89299999999999,41694.0,0.08,1138307.0,15530995.0,,524.368,0.08,,0.21,,0.0,0.0,66404.13,61.244,,0.0,0.0,0.0,,
180,2005-12-31,OR FP Equity,51403.0,,,,,,,,,,,,,,,,22.7273,,,,,,
181,2006-12-31,OR FP Equity,60851.0,,,,,,,,,,,,,,,,26.4463,,,,,,
182,2007-12-31,OR FP Equity,63358.0,3.0,,,0.113,2000000.0,7500000.0,,,0.12,,0.316,,,0.0,67500.0,44.2149,,,,,,
183,2008-12-31,OR FP Equity,67662.0,4.0,,,0.066,2100000.0,4085450.0,,,0.07,,0.182,,,0.0,74642.857,47.5207,,,,,,
184,2009-12-31,OR FP Equity,64643.0,4.0,,,0.091,2100000.0,6424664.0,,,0.09699999999999999,,0.261,,,0.0,76538.462,50.4132,,,,,,
185,2010-12-31,OR FP Equity,66619.0,5.0,,,0.06,2100000.0,4677996.0,,,0.064,,0.171,,,0.0,72142.857,49.5868,,0.0,0.0,,,
186,2011-12-31,OR FP Equity,68886.0,4.0,,,0.051,2100000.0,3990631.0,,,0.055,,0.145,,,1.0,76653.84599999999,53.71899999999999,,0.0,0.0,,,
187,2012-12-31,OR FP Equity,72637.0,4.0,,,0.042,2100000.0,3885000.0,,,0.045,,0.115,,,0.0,66812.5,56.6116,,0.0,0.0,,,
188,2013-12-31,OR FP Equity,77452.0,4.0,,,0.043,2100000.0,3885000.0,,,0.046,,0.12,,,0.0,72916.667,50.0,,0.0,0.0,,,
189,2014-12-31,OR FP Equity,78611.0,4.0,,,0.043,2100000.0,3937500.0,,,0.046,,0.116,,,0.0,69380.188,49.5868,,0.0,0.0,0.0,,
190,2015-12-31,OR FP Equity,80867.0,4.0,96.14399999999999,,0.034,2200000.0,3960000.0,,429.494,0.036,,0.08800000000000001,,,0.0,77813.333,59.9174,,0.0,0.0,0.0,,
191,2016-12-31,OR FP Equity,89135.0,4.0,95.234,,0.032,2200000.0,3982000.0,,428.973,0.034,,0.085,,,0.0,73315.625,62.8099,,0.0,0.0,0.0,,
192,2017-12-31,OR FP Equity,82572.0,4.0,95.805,0.0,0.033,2200000.0,4192100.0,,427.845,0.036,,0.087,,0.0,0.0,81956.25,59.0909,,0.0,0.0,0.0,,
193,2018-12-31,OR FP Equity,85000.0,4.0,94.79,0.0,0.034,2200000.0,4238732.0,,421.24,0.036,,0.08900000000000001,,0.0,0.0,77682.05900000001,61.5702,,0.0,0.0,0.0,,
194,2019-12-31,OR FP Equity,87907.0,4.0,94.413,0.0,0.029,2200000.0,4245998.0,,437.585,0.031,,0.078,,0.0,0.0,83843.125,61.157,,0.0,0.0,1.0,,
195,2005-12-31,MUV2 GR Equity,,,,,,,,,,,,,,,,,,,,,,,
196,2006-12-31,MUV2 GR Equity,37210.0,,,,,,,,,,,,,,,,25.0,,,,,,
197,2007-12-31,MUV2 GR Equity,37832.0,,,,0.7490000000000001,864000.0,12260672.0,,,,,,,,3.0,101000.0,43.4211,8.0,,,,,
198,2008-12-31,MUV2 GR Equity,44209.0,,,,0.448,885000.0,6446884.0,,,,,,,,0.0,66307.692,46.9298,9.0,,,,,
199,2009-12-31,MUV2 GR Equity,47249.0,,,,0.369,910000.0,11215153.0,,,,,,,,1.0,68977.168,54.386,10.0,,,,,
200,2010-12-31,MUV2 GR Equity,46915.0,5.0,,,0.205,1092000.0,11199530.0,,,,,,,,0.0,85777.778,53.0702,11.0,,,,0.0,
201,2011-12-31,MUV2 GR Equity,47206.0,7.0,,,0.202,1140000.0,9467497.0,,,,,,,,0.0,77253.424,54.8246,12.0,0.0,0.0,,0.0,
202,2012-12-31,MUV2 GR Equity,45437.0,6.0,95.413,,0.215,1200000.0,12940950.0,,52.669,,,,,,0.0,111200.0,58.7719,13.0,0.0,0.0,,0.0,
203,2013-12-31,MUV2 GR Equity,44665.0,9.0,92.434,,0.426,1200000.0,11406647.0,,67.8,,,,,,2.0,116026.987,59.2105,14.0,0.0,0.0,,0.0,
204,2014-12-31,MUV2 GR Equity,43316.0,6.0,90.191,,0.363,1230000.0,10992248.0,,67.278,,,,,,3.0,93857.14300000001,61.8421,15.0,0.0,0.0,0.0,0.0,
205,2015-12-31,MUV2 GR Equity,43554.0,6.0,84.75299999999999,33564.0,0.398,1230000.0,11236506.0,,43.902,,,,,,1.0,128200.0,61.4035,16.0,0.0,0.0,0.0,0.0,
206,2016-12-31,MUV2 GR Equity,43428.0,6.0,34.294,35783.0,0.343,1260000.0,12691559.0,,20.684,,,,,,0.0,121916.667,53.9474,17.0,0.0,0.0,0.0,0.0,
207,2017-12-31,MUV2 GR Equity,42410.0,6.0,92.029,139918.0,0.468,1465000.0,11836875.0,,59.86199999999999,,,,,,4.0,121428.571,53.9474,18.0,1.0,1.0,0.0,0.0,
208,2018-12-31,MUV2 GR Equity,41410.0,9.0,92.029,39201.0,0.584,2225000.0,15085000.0,,59.86199999999999,,,,,,1.0,124500.0,60.9649,19.0,1.0,1.0,0.0,0.0,
209,2019-12-31,MUV2 GR Equity,39662.0,6.0,92.029,40963.0,0.416,2225000.0,16093582.0,,59.86199999999999,,,,,,2.0,108803.5,60.9649,1.0,1.0,1.0,0.0,0.0,
210,2005-12-31,ALV GR Equity,,,,,,,,,,,,,,,,,,,,,,,
211,2006-12-31,ALV GR Equity,172065.0,5.0,,,,,,,,,,,,,,,35.5263,,,,,,
212,2007-12-31,ALV GR Equity,181207.0,6.0,,,0.617,1050000.0,22555000.0,,,,3724000.0,,,,1.0,122946.538,41.2281,1.25,,,,,
213,2008-12-31,ALV GR Equity,182865.0,5.0,,,1.176,1200000.0,15485000.0,,,,2932000.0,,,,1.0,90000.0,46.4912,2.25,,,,,
214,2009-12-31,ALV GR Equity,136963.0,6.0,,,1.607,1200000.0,19978000.0,,,,3666000.0,,,,4.0,121663.636,51.3158,0.333,,,,,
215,2010-12-31,ALV GR Equity,151338.0,5.0,,,1.544,1200000.0,15976000.0,,,,3666000.0,,,,2.0,121916.667,53.5088,1.333,,,,,
216,2011-12-31,ALV GR Equity,141938.0,5.0,,,1.309,1200000.0,14141000.0,,,,3666000.0,,,,5.0,173472.727,57.4561,2.333,0.0,0.0,,,
217,2012-12-31,ALV GR Equity,144094.0,5.0,,,1.586,1280000.0,19041000.0,,,,3666000.0,,,,6.0,122758.824,57.0175,3.333,0.0,0.0,,,
218,2013-12-31,ALV GR Equity,142743.0,5.0,,,1.735,1280000.0,19391000.0,,,,430000.0,,,,2.0,168141.667,57.0175,1.0,0.0,0.0,,,
219,2014-12-31,ALV GR Equity,147425.0,5.0,,,1.043,1280000.0,19387000.0,,,,430000.0,,,,1.0,156561.538,59.6491,2.0,1.0,1.0,0.0,,
220,2015-12-31,ALV GR Equity,142459.0,5.0,,27000.0,0.889,1441000.0,16003000.0,,,,430000.0,,,,7.0,155415.385,58.3333,3.0,1.0,1.0,0.0,,
221,2016-12-31,ALV GR Equity,140253.0,7.0,,30000.0,0.8370000000000001,1125000.0,14252000.0,,,,430000.0,,,,3.0,144621.429,57.0175,4.0,1.0,1.0,0.0,,
222,2017-12-31,ALV GR Equity,140553.0,5.0,,32000.0,0.7829999999999999,1125000.0,14250000.0,,,,430000.0,,,0.0,3.0,136187.5,57.0175,5.0,1.0,1.0,0.0,,
223,2018-12-31,ALV GR Equity,142460.0,5.0,,17000.0,0.8370000000000001,1313000.0,15754000.0,,,,430000.0,,,0.0,3.0,191714.286,59.2105,1.0,1.0,1.0,0.0,,
224,2019-12-31,ALV GR Equity,147268.0,5.0,,20000.0,0.973,1706000.0,19220000.0,,,,430000.0,,,0.0,1.0,223750.0,60.5263,2.0,1.0,1.0,1.0,,
225,2005-12-31,SAN FP Equity,97181.0,8.0,,,,,,,,,,,,,,,43.8017,,,,,,
226,2006-12-31,SAN FP Equity,100289.0,7.0,,,,,,,,,,,,,,,50.0,,,,,,
227,2007-12-31,SAN FP Equity,99495.0,7.0,,,0.0235,1355036.0,2660182.0,,,0.0332,,0.0527,,,1.0,414770.8125,53.71899999999999,,,,,,
228,2008-12-31,SAN FP Equity,98213.0,7.0,,,0.0219,100000.0,2310000.0,,,0.031,,0.0503,,,1.0,383577.6667,54.1322,,,,,,
229,2009-12-31,SAN FP Equity,104867.0,8.0,,0.0,0.0462,1200000.0,3475000.0,0.0,,0.0628,1237500.0,0.1103,0.0,,0.0,358099.7333,56.6116,,,,,,
230,2010-12-31,SAN FP Equity,101575.0,7.0,,0.0,0.0291,1200000.0,4039748.0,0.0,,0.0386,2499750.0,0.0728,0.0,0.0,0.0,367593.8536,57.0248,,0.0,0.0,,,
231,2011-12-31,SAN FP Equity,113719.0,7.0,,0.0,0.0323,1200000.0,4300000.0,0.0,,0.0435,0.0,0.07200000000000001,0.0,0.0,1.0,388598.3077,60.7438,,0.0,0.0,,,
232,2012-12-31,SAN FP Equity,111974.0,8.0,,0.0,0.0239,1250000.0,3530000.0,0.0,,0.0323,0.0,0.0547,0.0,0.0,0.0,375961.3571,59.0909,,0.0,0.0,,,
233,2013-12-31,SAN FP Equity,112128.0,8.0,,3976.0,0.0262,1260000.0,3528000.0,0.0,,0.0357,0.0,0.0576,0.0,0.0,0.0,379298.8571,58.6777,,0.0,0.0,,,
234,2014-12-31,SAN FP Equity,113496.0,6.0,,3424.0,0.0287,1740870.0,3441870.0,0.0,,0.0405,0.0,0.0557,0.0,0.0,2.0,360174.9375,62.8099,,0.0,0.0,,,
235,2015-12-31,SAN FP Equity,115631.0,6.0,,2008351.0,0.0217,1595455.0,1595455.0,0.0,,0.0299,0.0,0.046,0.0,0.0,2.0,385324.9286,59.9174,,0.0,0.0,0.0,,
236,2016-12-31,SAN FP Equity,113816.0,7.0,,2000313.0,0.0291,1200000.0,2691300.0,0.0,,0.04099999999999999,0.0,0.0601,0.0,0.0,0.0,147240.0,61.9835,,0.0,0.0,0.0,,
237,2017-12-31,SAN FP Equity,106566.0,7.0,88.794,318.0,0.0187,1200000.0,3154800.0,0.0,829.447,0.0263,0.0,0.0393,0.0,0.0,0.0,101089.2857,60.7438,,0.0,0.0,0.0,,
238,2018-12-31,SAN FP Equity,104226.0,6.0,86.6,322.0,0.0176,1200000.0,2992800.0,0.0,827.3510000000001,0.025,0.0,0.0393,0.0,0.0,0.0,108600.0,62.8099,,0.0,0.0,1.0,,
239,2019-12-31,SAN FP Equity,100409.0,6.0,91.552,77722.0,0.0152,1233333.0,3089133.0,0.0,853.823,0.0204,0.0,0.0388,0.0,0.0,2.0,122833.3333,59.5041,,0.0,0.0,1.0,,
240,2005-12-31,SU FP Equity,88670.0,4.0,,,,,,,,,,,,,,,29.7521,,,,,,
241,2006-12-31,SU FP Equity,105000.0,4.0,,,,,,,,,,,,,,,39.2562,,,,,,
242,2007-12-31,SU FP Equity,119340.0,4.0,,,0.0767,700000.0,2528991.0,,,0.0844,,0.0759,,,0.0,48970.8333,39.2562,,,,,,
243,2008-12-31,SU FP Equity,126481.0,4.0,,,0.0857,765000.0,2807527.0,,,0.0935,,0.0845,,,0.0,52273.0769,41.7355,,,,,,
244,2009-12-31,SU FP Equity,104853.0,4.0,,,0.0795,765000.0,2543789.0,,,0.087,,0.0845,,,2.0,57420.8333,55.7851,0.5,,,,,
245,2010-12-31,SU FP Equity,118819.0,5.0,,,0.0744,850000.0,2813500.0,,,0.0817,,0.0794,,,0.0,57420.8333,65.2893,0.5,,,,,
246,2011-12-31,SU FP Equity,140489.0,6.0,,,0.0896,900000.0,3578450.0,,,0.104,,0.0918,,,0.0,52500.0,69.0083,0.5,0.0,0.0,,,
247,2012-12-31,SU FP Equity,152384.0,5.0,,,0.0648,900000.0,3114050.0,,,0.0743,,0.067,,,0.0,53736.6667,59.5041,0.5,0.0,0.0,,,
248,2013-12-31,SU FP Equity,163033.0,8.0,,,0.085,934028.0,3658428.0,,,0.1056,,0.0805,,,1.0,82857.1429,62.3967,0.75,1.0,0.0,,,
249,2014-12-31,SU FP Equity,185965.0,5.0,,0.0,0.0744,950000.0,3638272.0,,,0.0867,,0.0774,,2.306,0.0,84501.0,59.9174,1.75,1.0,0.0,,,
250,2015-12-31,SU FP Equity,181361.0,5.0,,0.0,0.103,950000.0,7052000.0,,,0.1174,,0.1133,,2.306,0.0,133213.6875,59.0909,2.75,1.0,0.0,0.0,,
251,2016-12-31,SU FP Equity,161768.0,5.0,91.876,2829694.0,0.1508,950000.0,3935960.0,,359.203,0.186,,0.1537,,2.306,0.0,136151.8235,61.9835,3.75,1.0,0.0,0.0,,
252,2017-12-31,SU FP Equity,153124.0,5.0,88.676,13089.0,0.1777,950000.0,4359160.0,,365.436,0.2188,,0.1798,,2.306,0.0,120017.0,61.9835,4.75,1.0,0.0,0.0,,
253,2018-12-31,SU FP Equity,152058.0,5.0,86.522,3289026.0,0.1596,1000000.0,3726493.5979,,333.086,0.1984,,0.1689,,2.306,0.0,124751.5625,63.2231,5.75,1.0,0.0,1.0,,
254,2019-12-31,SU FP Equity,146406.0,5.0,89.238,5501056.0,0.1992,1000000.0,4295580.0,,360.83,0.2449,,0.1993,,2.306,0.0,121017.6429,59.0909,6.75,1.0,0.0,1.0,,
255,2005-12-31,PHIA NA Equity,,,,,,,,,,,,,,,,,,,,,,,
256,2006-12-31,PHIA NA Equity,,,,,,,,,,,,,,,,,,,,,,,
257,2007-12-31,PHIA NA Equity,123801.0,10.0,,,,1087500.0,7153617.0,,,,,,,,1.0,,,2.5833,,,,,
258,2008-12-31,PHIA NA Equity,121398.0,9.0,,324346.0,,1100000.0,5848904.0,,,,1802470.0,,,,2.0,77386.3636,37.6033,3.5833,,,,,
259,2009-12-31,PHIA NA Equity,115924.0,4.0,,329117.0,,1100000.0,5160720.0,,,,1637948.0,,,,0.0,72318.1818,49.5868,4.5833,,,,,
260,2010-12-31,PHIA NA Equity,119001.0,5.0,,321778.0,,1100000.0,7173549.0,0.0,,,1500079.0,,0.0,0.0,2.0,86333.3333,55.7851,5.5833,,,,,
261,2011-12-31,PHIA NA Equity,121888.0,5.0,,145388.0,,1100000.0,4455495.0,0.0,,,1839376.0,,0.0,0.0,7.0,88250.0,64.876,0.8333,0.0,1.0,,1.0,
262,2012-12-31,PHIA NA Equity,118087.0,5.0,,47154.0,0.1089,1100000.0,5070993.0,0.0,,0.1383,346285.0,0.1403,0.0,0.0,1.0,88833.3333,64.4628,1.8333,0.0,1.0,,1.0,
263,2013-12-31,PHIA NA Equity,116681.0,4.0,,75906.0,0.1909,1100000.0,4515978.0,0.0,,0.2442,1121522.0,0.2497,0.0,0.0,3.0,93375.0,50.8264,2.8333,0.0,1.0,,1.0,
264,2014-12-31,PHIA NA Equity,113678.0,4.0,,86554.0,0.083,1137500.0,2389030.0,0.0,,0.1051,170258.0,0.1063,0.0,0.0,0.0,90740.8889,53.71899999999999,2.8333,1.0,1.0,0.0,1.0,
265,2015-12-31,PHIA NA Equity,112959.0,5.0,,78035.0,0.1,1168750.0,2993282.0,0.0,,0.1308,29758.0,0.1179,0.0,0.0,0.0,122875.0,54.5455,2.8333,1.0,1.0,0.0,1.0,
266,2016-12-31,PHIA NA Equity,114731.0,6.0,,126703.0,0.1518,1197500.0,5064044.0,0.0,,0.2044,29758.0,0.186,0.0,0.0,1.0,135904.8571,53.71899999999999,1.0833,1.0,1.0,0.0,1.0,
267,2017-12-31,PHIA NA Equity,73951.0,5.0,,84053.0,0.1259,1205000.0,3876893.0,0.0,,0.1699,29758.0,0.1474,0.0,0.0,0.0,135785.7143,57.0248,2.0833,1.0,1.0,0.0,1.0,
268,2018-12-31,PHIA NA Equity,77400.0,5.0,,39042.0,0.168,1205000.0,5668897.0,923214.0,,0.2252,29758.0,0.1996,537181.0,0.0,0.0,120930.5556,59.0909,3.0833,1.0,1.0,0.0,1.0,
269,2019-12-31,PHIA NA Equity,80495.0,5.0,,52713.0,0.1473,1295000.0,5541283.0,960076.0,,0.1978,29758.0,0.1725,559052.0,0.0,0.0,150761.8571,58.6777,4.0833,1.0,1.0,0.0,1.0,
270,2005-12-31,LIN GR Equity,,,,,,,,,,,,,,,,,,,,,,,
271,2006-12-31,LIN GR Equity,,,,,,,,,,,,,,,,,,,,,,,
272,2007-12-31,LIN GR Equity,,,,,,,,,,,,,,,,,,,,,,,
273,2008-12-31,LIN GR Equity,,,,,,,,,,,,,,,,,,,,,,,
274,2009-12-31,LIN GR Equity,,,,,,,,,,,,,,,,,,,,,,,
275,2010-12-31,LIN GR Equity,,,,,,,,,,,,,,,,,,,,,,,
276,2011-12-31,LIN GR Equity,,,,,,,,,,,,,,,,,,,,,,,
277,2012-12-31,LIN GR Equity,,,,,,,,,,,,,,,,,,,,,,,
278,2013-12-31,LIN GR Equity,,,,,,,,,,,,,,,,,,,,,,,
279,2014-12-31,LIN GR Equity,,,,,,,,,,,,,,,,,,,,,,,
280,2015-12-31,LIN GR Equity,,,,,,,,,,,,,,,,,,,,,,,
281,2016-12-31,LIN GR Equity,,,,,,,,,,,,,,,,,,,,,,,
282,2017-12-31,LIN GR Equity,,,,,,,,,,,,,,,,,7.8512,,0.0,0.0,,,
283,2018-12-31,LIN GR Equity,80820.0,1.0,91.587,41643858.583,,1170565.643,10907131.087,7917402.619,376.289,,6525324.006,,3078080.432,,4.0,,55.7851,,1.0,1.0,,1.0,
284,2019-12-31,LIN GR Equity,79886.0,9.0,90.37799999999999,320166.054,,1358701.179,10029465.569,6746081.927999999,372.815,,7781397.266,,3329158.405,40.056,1.0,330051.851,57.8512,,1.0,1.0,1.0,1.0,
285,2005-12-31,DAI GR Equity,,,,,,,,,,,,,,,,,,,,,,,
286,2006-12-31,DAI GR Equity,360385.0,8.0,,,,,,,,,,,,,,,51.2397,,,,,0.0,
287,2007-12-31,DAI GR Equity,272382.0,8.0,,,0.204,1500000.0,19017000.0,,,0.251,,0.169,,,5.0,103653.25,57.0248,3.083,,,,0.0,
288,2008-12-31,DAI GR Equity,273216.0,6.0,,,0.14,1530000.0,6317890.0,,,0.174,,0.144,,,1.0,127726.381,61.9835,4.083,,,,0.0,
289,2009-12-31,DAI GR Equity,256407.0,7.0,,,0.099,1530000.0,5282000.0,,,0.14,,0.101,,,2.0,123738.19,65.2893,5.083,,,,0.0,
290,2010-12-31,DAI GR Equity,260100.0,7.0,,,0.201,1530000.0,17831000.0,,,0.285,,0.201,,,1.0,127341.571,67.3554,6.082999999999999,,,,0.0,
291,2011-12-31,DAI GR Equity,271370.0,7.0,,,0.214,2008000.0,19282000.0,,,0.31,,0.224,,,1.0,141199.714,72.314,7.082999999999999,0.0,0.0,,0.0,
292,2012-12-31,DAI GR Equity,275087.0,6.0,,,0.185,2008000.0,15834000.0,,,0.264,,0.195,,,1.0,141562.571,66.5289,8.083,0.0,0.0,,0.0,
293,2013-12-31,DAI GR Equity,274616.0,6.0,,,0.213,2008000.0,13882000.0,,,0.301,,0.214,,,2.0,119093.36,66.5289,9.083,0.0,0.0,,0.0,
294,2014-12-31,DAI GR Equity,279972.0,6.0,,,0.184,2008000.0,13412000.0,,,0.255,,0.193,,,2.0,148454.792,63.2231,10.083,0.0,0.0,0.0,0.0,
295,2015-12-31,DAI GR Equity,284015.0,6.0,,148000.0,0.173,2008000.0,11500000.0,,,0.253,,0.172,,,1.0,167547.19,58.6777,11.083,0.0,0.0,0.0,0.0,
296,2016-12-31,DAI GR Equity,282488.0,6.0,,618000.0,0.153,2008000.0,15335000.0,,,0.233,,0.161,,,2.0,168007.952,58.6777,12.083,0.0,0.0,0.0,0.0,
297,2017-12-31,DAI GR Equity,290000.0,6.0,,167000.0,0.14,2008000.0,15566000.0,,,0.222,,0.15,,0.0,4.0,200399.896,57.8512,13.083,0.0,0.0,0.0,0.0,
298,2018-12-31,DAI GR Equity,298000.0,6.0,97.868,195000.0,0.142,2048000.0,16012000.0,,549.9540000000001,0.222,,0.159,,0.0,0.0,183520.957,57.8512,14.083,0.0,0.0,0.0,0.0,
299,2019-12-31,DAI GR Equity,298655.0,6.0,97.868,155000.0,0.129,2144000.0,15659000.0,,549.9540000000001,0.197,,0.158,,0.0,5.0,232100.8,57.8512,0.667,0.0,0.0,0.0,0.0,
300,2005-12-31,INGA NA Equity,,,,,,,,,,,,,,,,,,,,,,,
301,2006-12-31,INGA NA Equity,119801.0,,,,,,,,,,,,,,,,,,,,,,
302,2007-12-31,INGA NA Equity,124634.0,,,,0.031,1923000.0,14527000.0,,,,,0.2411,,,2.0,51769.2308,,1.9167,,,,,
303,2008-12-31,INGA NA Equity,124661.0,5.0,,,0.014,2018000.0,6173000.0,,,,,0.1036,,,0.0,65733.3333,49.1228,2.9167,,,,,
304,2009-12-31,INGA NA Equity,107173.0,7.0,,,0.0273,1572000.0,3926000.0,,,,,0.0571,,,6.0,66352.9412,51.7544,0.75,,,,,
305,2010-12-31,INGA NA Equity,107106.0,5.0,,,0.0273,1353000.0,3821000.0,,,,,0.0571,,,0.0,72142.8571,56.1404,1.75,,,,,
306,2011-12-31,INGA NA Equity,104419.0,5.0,,,0.0273,1353000.0,2666000.0,,,,,0.0571,,,1.0,68916.6667,57.8947,2.75,0.0,1.0,,,
307,2012-12-31,INGA NA Equity,84718.0,5.0,,,0.0273,1353000.0,2572000.0,,,,,0.0571,,,1.0,67166.6667,49.1228,3.75,0.0,1.0,,,
308,2013-12-31,INGA NA Equity,55194.0,5.0,,29000.0,0.0463,1809000.0,3309000.0,,,,,0.0831,,,2.0,61533.3333,53.0702,4.75,0.0,1.0,,,
309,2014-12-31,INGA NA Equity,55192.0,5.0,98.82700000000001,45000.0,0.0472,1270000.0,2814000.0,,3805.24,,,0.0837,,,0.0,86571.4286,51.7544,5.75,0.0,1.0,,,
310,2015-12-31,INGA NA Equity,54873.0,5.0,99.53,473000.0,0.0706,1630000.0,4625000.0,,3845.66,,,0.1323,,,0.0,93857.1429,53.0702,6.75,0.0,1.0,0.0,,
311,2016-12-31,INGA NA Equity,54737.0,6.0,99.53,553000.0,0.0649,1663000.0,4821000.0,,3845.66,,,0.1367,,,0.0,120875.0,54.386,7.75,0.0,1.0,0.0,,
312,2017-12-31,INGA NA Equity,54302.0,5.0,99.53,624000.0,0.0767,1713000.0,4964000.0,,3845.66,,,0.145,,0.0,4.0,108375.0,55.7018,0.6667,0.0,1.0,0.0,,
313,2018-12-31,INGA NA Equity,54804.0,5.0,99.53,561000.0,0.0616,1750000.0,4157200.0,,3845.66,,,0.1215,,0.0,0.0,102555.5556,58.3333,1.6667,1.0,1.0,0.0,,
314,2019-12-31,INGA NA Equity,56196.0,5.0,93.425,561000.0,0.0474,1750000.0,3784700.0,,2143.97,,,0.0853,,0.0,1.0,119166.6667,57.0175,0.9167,1.0,1.0,0.0,,
315,2005-12-31,RI FP Equity,17602.0,6.0,,,,,,,,,,,,,,,46.6942,,0.0,0.0,,,
316,2006-12-31,RI FP Equity,17684.0,7.0,,,,,,,,,,,,,,,49.1736,,1.0,0.0,,,
317,2007-12-31,RI FP Equity,17625.0,6.0,,,0.2391,1055000.0,4144070.0,,,,,0.6839,,,0.0,207718.7273,50.8264,,1.0,0.0,,,
318,2008-12-31,RI FP Equity,18975.0,5.0,,,0.267,1100000.0,4213451.0,,,,,0.802,,,0.0,59604.0,50.8264,,1.0,0.0,,,
319,2009-12-31,RI FP Equity,18177.0,4.0,,,0.2302,1366139.0,4039590.0,,,,,0.7179,,,2.0,49446.4286,54.5455,,1.0,0.0,,,
320,2010-12-31,RI FP Equity,17926.0,4.0,,,0.1437,970000.0,2730279.0,,,,,0.4602,,,0.0,42528.0,56.6116,,0.0,0.0,0.0,,
321,2011-12-31,RI FP Equity,18308.0,4.0,,,0.1555,1000000.0,3071867.0,,,,,0.3944,,,0.0,56840.3333,57.8512,,0.0,0.0,0.0,,
322,2012-12-31,RI FP Equity,18608.0,4.0,,,0.1484,1035000.0,3542434.0,,,,,0.3849,,,0.0,58804.4615,57.8512,,0.0,0.0,0.0,,
323,2013-12-31,RI FP Equity,18596.0,4.0,,,0.1409,1100000.0,3420698.0,,,,,0.3646,,,2.0,54961.6154,58.6777,,0.0,0.0,0.0,,
324,2014-12-31,RI FP Equity,18421.0,4.0,,,0.1349,1127500.0,3210591.0,,,,,0.3539,,,0.0,64458.3333,59.5041,,0.0,0.0,0.0,,
325,2015-12-31,RI FP Equity,18237.0,5.0,,6873.0,0.1002,1532696.0,3337893.0,,,,,0.2917,,,2.0,56201.3333,57.438,,0.0,0.0,0.0,,
326,2016-12-31,RI FP Equity,18442.0,4.0,,3260.0,0.0621,950000.0,1833649.0,,,,,0.1553,,,0.0,64724.3846,62.8099,,0.0,0.0,1.0,,
327,2017-12-31,RI FP Equity,18914.0,4.0,,4110.0,0.0599,950000.0,1863900.0,,,,,0.1575,,0.0,0.0,63823.6923,64.0496,,0.0,0.0,1.0,,
328,2018-12-31,RI FP Equity,19140.0,4.0,,6355.0,0.0868,950000.0,2193075.0,0.0,,,0.0,0.1939,0.0,0.0,0.0,72708.3333,58.2645,,0.0,0.0,1.0,,
329,2019-12-31,RI FP Equity,18776.0,4.0,,7417.0,0.0903,1100000.0,2634155.0,0.0,,,0.0,0.216,0.0,0.0,0.0,75241.0,56.6116,,0.0,0.0,1.0,,
330,2005-12-31,SIE GR Equity,427000.0,,,,,,,,,,,,,,,,47.5207,,,,,,
331,2006-12-31,SIE GR Equity,398200.0,7.0,,,,,,,,,,,,,,,48.3471,,,,,,
332,2007-12-31,SIE GR Equity,427000.0,8.0,,6774.0,0.223,2199320.0,20682204.0,,,0.286,,0.154,,,5.0,142382.318,50.8264,1.417,,,,,
333,2008-12-31,SIE GR Equity,405000.0,6.0,,1300774.0,0.178,1980000.0,13850307.0,,,0.222,,0.132,,,11.0,135366.684,53.3058,2.417,,,,,
334,2009-12-31,SIE GR Equity,405100.0,6.0,,86470.0,0.146,1980000.0,15644392.0,,,0.195,,0.091,,,3.0,135976.19,50.4132,3.417,,,,,
335,2010-12-31,SIE GR Equity,360000.0,8.0,,77732.0,0.276,2175000.0,20797310.0,,,0.363,,0.186,,2.365,3.0,190898.5,52.4793,4.417,1.0,0.0,,,
336,2011-12-31,SIE GR Equity,370000.0,8.0,,29594.0,0.343,2000000.0,16491270.0,,,0.469,,0.215,,2.365,5.0,219166.65,51.2397,5.417000000000001,1.0,0.0,,,
337,2012-12-31,SIE GR Equity,367000.0,6.0,,30720.0,0.296,2000000.0,15394345.0,,,0.406,,0.186,,2.365,0.0,211772.476,52.8926,6.417000000000001,1.0,0.0,,,
338,2013-12-31,SIE GR Equity,357000.0,6.0,,30720.0,0.318,2780417.0,15259245.0,,,0.391,,0.193,,2.365,5.0,184205.292,52.0661,0.083,1.0,0.0,,,
339,2014-12-31,SIE GR Equity,348000.0,6.0,,95184.0,0.271,1845000.0,12349466.0,,,0.336,,0.162,,2.365,5.0,233326.909,51.2397,1.083,1.0,0.0,0.0,,
340,2015-12-31,SIE GR Equity,351000.0,6.0,,102000.0,0.198,1878000.0,15782000.0,,,0.273,,0.119,,2.365,3.0,243332.4,49.1736,2.083,1.0,0.0,0.0,,
341,2016-12-31,SIE GR Equity,372000.0,6.0,,102000.0,0.203,2034000.0,16476000.0,,,0.282,,0.121,,2.365,0.0,257545.25,51.6529,3.083,1.0,0.0,0.0,,
342,2017-12-31,SIE GR Equity,379000.0,6.0,,104000.0,0.243,2130000.0,18000000.0,,,0.341,,0.149,,2.365,4.0,258829.8,55.3719,4.083,1.0,1.0,0.0,,
343,2018-12-31,SIE GR Equity,385000.0,6.0,,115000.0,0.22,2162000.0,19444000.0,,,0.311,,0.138,,2.365,0.0,205987.231,56.6116,5.083,1.0,1.0,0.0,,
344,2019-12-31,SIE GR Equity,385000.0,6.0,,114000.0,0.216,2205000.0,19838000.0,,,0.305,,0.135,,2.365,2.0,245029.095,56.6116,6.082999999999999,1.0,1.0,0.0,,
345,2005-12-31,KNEBV FH Equity,,,,,,,,,,,,,,,,,,,,,,,
346,2006-12-31,KNEBV FH Equity,,,,,,,,,,,,,,,,,,,,,,,
347,2007-12-31,KNEBV FH Equity,32544.0,3.0,,,0.0499,749700.0,749700.0,,,0.0511,,,,,0.0,95214.2857,20.2479,,,,,,
348,2008-12-31,KNEBV FH Equity,34831.0,3.0,,,0.0537,754700.0,754700.0,,,0.0553,,,,,0.0,115166.6667,41.7355,,,,,,
349,2009-12-31,KNEBV FH Equity,33988.0,3.0,,,0.0501,755700.0,755700.0,,,0.0516,,0.0671,,,0.0,75550.0,43.8017,,,,,,
350,2010-12-31,KNEBV FH Equity,33755.0,3.0,,,0.0453,755700.0,755700.0,,,0.0468,,0.0612,,,0.0,137972.7273,46.6942,,,,,,
351,2011-12-31,KNEBV FH Equity,37542.0,3.0,,,0.0481,758200.0,758200.0,,,0.05,,0.0672,,,0.0,97312.5,47.9339,,0.0,0.0,,,
352,2012-12-31,KNEBV FH Equity,39851.0,3.0,,,0.0414,758700.0,758700.0,,,0.043,,0.052,,,0.0,88411.1111,50.4132,,0.0,0.0,,,
353,2013-12-31,KNEBV FH Equity,43298.0,3.0,,,0.0385,758700.0,758700.0,,,0.04,,0.0508,,,0.0,87400.0,53.71899999999999,,0.0,0.0,,,
354,2014-12-31,KNEBV FH Equity,47064.0,3.0,,,0.0102,771500.0,771500.0,,,0.0106,,0.0132,,,2.0,90988.8889,53.3058,5.6667,0.0,0.0,,,
355,2015-12-31,KNEBV FH Equity,49734.0,3.0,,,0.0265,750000.0,750000.0,,,0.0275,,0.034,,,0.0,93555.5556,52.0661,5.6667,0.0,0.0,,,
356,2016-12-31,KNEBV FH Equity,52152.0,3.0,,,0.0244,750000.0,750000.0,,,0.0254,,0.0315,,,0.0,107537.5,55.3719,5.6667,0.0,0.0,0.0,,
357,2017-12-31,KNEBV FH Equity,55075.0,3.0,,,0.1302,750000.0,750000.0,,,0.1363,,0.1689,,,0.0,111875.0,55.3719,5.6667,0.0,0.0,0.0,,
358,2018-12-31,KNEBV FH Equity,57359.0,3.0,,,0.0384,750000.0,1201500.0,,,0.0402,,0.1689,,,0.0,152262.5,54.1322,5.6667,0.0,0.0,0.0,,
359,2019-12-31,KNEBV FH Equity,59825.0,3.0,,,0.0208,750000.0,750000.0,,,0.0217,,0.1689,,,0.0,114262.5,56.1983,5.6667,0.0,0.0,0.0,,
360,2005-12-31,AI FP Equity,35900.0,,,,,,,,,,,,,,,,19.4215,,,,,,
361,2006-12-31,AI FP Equity,36900.0,3.0,,,,,,,,,,,,,,,43.3884,,,,,,
362,2007-12-31,AI FP Equity,40300.0,4.0,,,0.0645,1009000.0,4466000.0,,,,,0.3165,,,1.0,47200.0,46.6942,,,,,,
363,2008-12-31,AI FP Equity,43000.0,4.0,,,0.0574,1014000.0,4303000.0,,,0.0582,,0.2939,,,0.0,47333.3333,48.7603,,,,,,
364,2009-12-31,AI FP Equity,42300.0,4.0,,,0.0687,1024000.0,4942000.0,,,0.0698,,0.3156,,,1.0,50454.5455,45.8678,,,,,,
365,2010-12-31,AI FP Equity,43600.0,4.0,,,0.0395,1097000.0,3366000.0,,,0.0401,,0.1892,,,0.0,58181.8182,45.8678,,1.0,0.0,,,
366,2011-12-31,AI FP Equity,46200.0,4.0,,,0.0455,1060000.0,3990000.0,,,0.0465,,0.2254,,,0.0,54666.6667,47.5207,,1.0,0.0,,,
367,2012-12-31,AI FP Equity,49500.0,4.0,,,0.0406,1080000.0,4057500.0,,,0.0414,,0.1964,,,1.0,60500.0,52.0661,,1.0,0.0,,,
368,2013-12-31,AI FP Equity,50250.0,4.0,,9000.0,0.0436,1100000.0,4114800.0,,,0.0445,,0.2066,,,0.0,61700.0,54.5455,,1.0,0.0,,,
369,2014-12-31,AI FP Equity,50300.0,4.0,,9000.0,0.0427,1100000.0,3903600.0,,,0.0434,,0.2091,,,0.0,70300.0,50.0,,1.0,0.0,0.0,,
370,2015-12-31,AI FP Equity,51500.0,6.0,,9000.0,0.0378,1100000.0,4239450.0,,,0.0383,,0.1711,,,0.0,71000.0,56.1983,,1.0,0.0,0.0,,
371,2016-12-31,AI FP Equity,66700.0,4.0,,10000.0,0.0327,1175000.0,4235000.0,,,0.0331,,0.1362,,,0.0,78555.5556,57.0248,,1.0,0.0,0.0,,
372,2017-12-31,AI FP Equity,65200.0,4.0,,10000.0,0.0234,1275000.0,3418000.0,,,0.0236,,0.0991,,0.0,0.0,72597.5401,57.0248,,1.0,0.0,0.0,,
373,2018-12-31,AI FP Equity,66000.0,4.0,,10000.0,0.0217,1325000.0,3276000.0,,,0.022,,0.0936,,0.0,0.0,82298.9336,57.8512,,1.0,0.0,0.0,,
374,2019-12-31,AI FP Equity,67200.0,4.0,,10.0,0.0,1325.0,3331.0,,,0.022,,0.0001,,0.0,0.0,79619.6915,55.7851,,1.0,0.0,0.0,,
375,2005-12-31,ENGI FP Equity,52958.0,,,,,,,,,,,,,,,,21.4876,,,,0.0,,
376,2006-12-31,ENGI FP Equity,50244.0,,,,,,,,,,,,,,,,22.7273,,,,0.0,,
377,2007-12-31,ENGI FP Equity,47560.0,12.0,,,0.0046,327048.0,1264345.0,,,0.0046,,0.0243,,,0.0,,42.562,,,,0.0,,
378,2008-12-31,ENGI FP Equity,200000.0,6.0,,,0.0107,1902669.0,4468442.0,,,0.0107,,0.0679,,,2.0,,48.3471,,,,0.0,,
379,2009-12-31,ENGI FP Equity,200644.0,10.0,,,0.0105,1403227.0,5403088.0,,,0.0105,,0.0663,,,0.0,,49.5868,,,,0.0,,
380,2010-12-31,ENGI FP Equity,218350.0,10.0,,,0.0093,1405469.0,5346354.0,,,0.0094,,0.0603,,,0.0,,50.8264,,,,0.0,,
381,2011-12-31,ENGI FP Equity,218900.0,9.0,,,0.0083,1405469.0,4932619.0,,,0.0083,,0.0538,,,0.0,67584.4167,54.1322,,0.0,0.0,0.0,,
382,2012-12-31,ENGI FP Equity,219330.0,11.0,,,0.0068,1405079.0,4846107.0,,,0.0068,,0.0471,,,0.0,55609.7143,54.1322,,0.0,0.0,0.0,,
383,2013-12-31,ENGI FP Equity,147199.0,10.0,,4533.0,0.0067,1400000.0,4840000.0,,,0.0067,,0.0554,,,0.0,72641.6667,53.3058,,0.0,0.0,0.0,,
384,2014-12-31,ENGI FP Equity,152882.0,13.0,,4533.0,0.0067,1400000.0,3525032.0,,,0.0067,,0.048,,,1.0,82071.8889,52.0661,,0.0,0.0,0.0,,
385,2015-12-31,ENGI FP Equity,154935.0,7.0,,4533.0,0.005,1400000.0,3369830.0,,,0.005,,0.0369,,,0.0,70729.9167,52.8926,,0.0,0.0,0.0,,
386,2016-12-31,ENGI FP Equity,153090.0,8.0,,8109.0,0.0045,1443817.0,2242160.0,,,0.0045,,0.029,,,2.0,63974.2308,56.6116,,0.0,0.0,0.0,,
387,2017-12-31,ENGI FP Equity,155128.0,10.0,95.382,6012.0,0.004,1000000.0,1661187.0,0.0,1983.66,0.004,0.0,0.0233,0.0,0.0,0.0,75597.2069,55.3719,,0.0,0.0,0.0,,
388,2018-12-31,ENGI FP Equity,160301.0,11.0,98.365,6012.0,0.0046,1000000.0,1754530.0,0.0,9.793,0.0046,0.0,0.0244,0.0,0.0,0.0,93758.5252,56.6116,,0.0,0.0,0.0,,
389,2019-12-31,ENGI FP Equity,171103.0,7.0,95.775,6012.0,0.0039,1000000.0,1641760.0,0.0,2225.39,0.0039,0.0,0.0201,0.0,0.0,0.0,103977.2308,55.7851,,0.0,0.0,0.0,,
390,2005-12-31,SAN SM Equity,120047.0,11.0,,,,,,,,,,,,,,,,,,,,,
391,2006-12-31,SAN SM Equity,123731.0,12.0,,,,,,,,,,,,,,,32.0175,,,,,,
392,2007-12-31,SAN SM Equity,131819.0,13.0,,511000.0,0.285,3126000.0,24315000.0,,,,,0.5818,,,2.0,315550.2308,33.3333,,,,,,
393,2008-12-31,SAN SM Equity,170961.0,11.0,,608000.0,0.3466,3595000.0,25489000.0,,,,,0.3911,,0.0,1.0,316416.6667,34.6491,,,,,,
394,2009-12-31,SAN SM Equity,169460.0,11.0,,602000.0,0.2332,3703000.0,25783000.0,,,,,0.5305,,0.0,0.0,315000.0,48.6842,,,,,,
395,2010-12-31,SAN SM Equity,178869.0,11.0,,473000.0,0.1472,3703000.0,22670000.0,,,,,0.4325,,0.0,0.0,296923.0769,52.6316,,,,,,
396,2011-12-31,SAN SM Equity,193349.0,12.0,91.596,548000.0,0.1711,3703000.0,15738000.0,,4401.63,,,0.5045,,0.0,0.0,274583.3333,54.386,,0.0,0.0,,,
397,2012-12-31,SAN SM Equity,186763.0,11.0,93.505,740000.0,0.1131,3703000.0,12230000.0,,5417.03,,,0.3077,,0.0,0.0,212538.4615,54.386,,0.0,0.0,,,
398,2013-12-31,SAN SM Equity,182958.0,12.0,95.766,907000.0,0.0786,2834000.0,8415000.0,,6216.89,,,0.2178,,0.0,3.0,247272.7273,54.386,,0.0,0.0,,,
399,2014-12-31,SAN SM Equity,185405.0,13.0,97.761,348000.0,0.1105,2000000.0,10629000.0,,7761.89,,,0.3082,,0.0,3.0,289500.0,55.7018,,0.0,0.0,,,
400,2015-12-31,SAN SM Equity,193863.0,13.0,97.545,1468000.0,0.0752,2085000.0,14296000.0,,7611.66,,,0.1853,,0.0,4.0,271071.4286,55.7018,11.25,0.0,0.0,,,
401,2016-12-31,SAN SM Equity,188492.0,10.0,96.857,1402000.0,0.093,2000000.0,14110000.0,,8732.3,,1738000.0,0.2172,,0.0,0.0,330666.6667,55.7018,11.25,0.0,0.0,0.0,,
402,2017-12-31,SAN SM Equity,202251.0,12.0,96.19,1505000.0,0.0922,2000000.0,19402000.0,,9834.83,,1738000.0,0.2144,,0.0,1.0,213400.0,57.0175,11.25,0.0,1.0,0.0,,
403,2018-12-31,SAN SM Equity,202713.0,13.0,94.418,1596000.0,0.1048,2541000.0,14025000.0,,10130.0,,1738000.0,0.2385,,0.0,0.0,271529.4118,55.7018,11.25,0.0,1.0,1.0,,
404,2019-12-31,SAN SM Equity,196419.0,13.0,93.775,1773000.0,0.0861,2541000.0,14550000.0,,9777.01,,1738000.0,0.205,,0.0,1.0,309687.5,55.7018,11.25,0.0,1.0,1.0,,
405,2005-12-31,VIV FP Equity,34031.0,5.0,,,,,,,,,,,,,,,,,,,,,
406,2006-12-31,VIV FP Equity,34694.0,6.0,,,,,,,,,,,,,,,29.7521,,,,,,
407,2007-12-31,VIV FP Equity,37223.0,3.0,,,0.4216,860000.0,21990915.0,,,0.4353,,1.3644,,,2.0,95947.7143,38.0165,0.75,,,,,
408,2008-12-31,VIV FP Equity,43208.0,4.0,,,0.1498,885800.0,12873384.0,,,0.1596,,0.4779,,,1.0,91895.8182,45.4545,1.75,,,,,
409,2009-12-31,VIV FP Equity,49004.0,3.0,,,0.1259,912400.0,8605343.0,,,0.134,,0.4118,,,0.0,95439.0769,46.6942,2.75,,,,,
410,2010-12-31,VIV FP Equity,51272.0,3.0,,,0.1741,912400.0,11462321.0,,,0.191,,0.503,,,1.0,74767.0667,49.1736,3.75,0.0,0.0,,,
411,2011-12-31,VIV FP Equity,58318.0,3.0,,,0.2543,1000000.0,17474462.0,,,0.2738,,0.7791,,,1.0,106863.6364,50.4132,4.75,0.0,0.0,,,
412,2012-12-31,VIV FP Equity,58000.0,3.0,,,0.3539,796032.0,17802551.0,,,0.2738,,1.3018,,,7.0,93722.0769,50.4132,5.75,0.0,0.0,,,
413,2013-12-31,VIV FP Equity,51634.0,4.0,,,0.1058,700000.0,2750000.0,,,0.2738,,0.2804,,,0.0,82354.3333,52.8926,6.75,0.0,0.0,,,
414,2014-12-31,VIV FP Equity,33558.0,6.0,,,0.143,1350000.0,3614000.0,,,0.143,,0.3758,,,4.0,113404.7333,50.4132,1.0,0.0,0.0,,,
415,2015-12-31,VIV FP Equity,16395.0,5.0,,21866.0,0.1415,900000.0,4632500.0,,,0.1415,,0.3408,,,3.0,70098.0,50.4132,2.0,0.0,0.0,,,
416,2016-12-31,VIV FP Equity,22603.0,4.0,,24359.0,0.2546,1200000.0,7608751.0,,,0.2604,,0.5314,,,0.0,80500.0,50.4132,3.0,0.0,0.0,0.0,,
417,2017-12-31,VIV FP Equity,22777.0,4.0,,24831.0,0.0631,1200000.0,2400000.0,,,0.0654,,0.1083,,0.0,2.0,70022.3496,54.1322,3.0,0.0,0.0,0.0,,
418,2018-12-31,VIV FP Equity,41600.0,4.0,,415015.0,0.2212,1400000.0,8516250.0,,,0.0654,,0.3529,,0.0,0.0,54717.5909,56.6116,5.0,0.0,0.0,0.0,,
419,2019-12-31,VIV FP Equity,44641.0,3.0,,25372.0,0.2089,1400000.0,9895000.0,,,0.0654,,0.3364,,0.0,0.0,83461.5385,55.3719,6.0,0.0,0.0,0.0,,
420,2005-12-31,VNA GR Equity,,,,,,,,,,,,,,,,,,,,,,,
421,2006-12-31,VNA GR Equity,,,,,,,,,,,,,,,,,,,,,,,
422,2007-12-31,VNA GR Equity,,,,,,,,,,,,,,,,,,,,,,,
423,2008-12-31,VNA GR Equity,,,,,,,,,,,,,,,,,,,,,,,
424,2009-12-31,VNA GR Equity,,,,,,,,,,,,,,,,,,,,,,,
425,2010-12-31,VNA GR Equity,,,,,,,,,,,,,,,,,,,,,,,
426,2011-12-31,VNA GR Equity,,,,,,,,,,,,,,,,,3.3058,,0.0,0.0,,,
427,2012-12-31,VNA GR Equity,,7.0,,,,,,,,,,,,,,,6.6116,,0.0,0.0,,,
428,2013-12-31,VNA GR Equity,,4.0,,30909.0,-2.673,750000.0,3578284.0,,,,,7.843,,,1.0,106552.778,7.438,3.0,0.0,0.0,,,
429,2014-12-31,VNA GR Equity,,5.0,,38545.0,-3.715,900000.0,3580000.0,,,,0.0,6.142,,,0.0,115185.222,8.6777,4.0,1.0,0.0,,,
430,2015-12-31,VNA GR Equity,6368.0,4.0,,38702.0,-0.971,900000.0,4414808.0,,,,0.0,3.31,,,1.0,122179.462,36.7769,5.0,1.0,0.0,0.0,,
431,2016-12-31,VNA GR Equity,7437.0,4.0,,39446.0,-0.378,1000000.0,4820000.0,,,,0.0,3.296,,,0.0,141538.462,38.0165,6.0,1.0,0.0,0.0,,
432,2017-12-31,VNA GR Equity,8448.0,4.0,,24006.0,-0.386,1150000.0,4970000.0,,,,0.0,3.169,,0.0,0.0,148611.167,47.1074,7.0,1.0,0.0,1.0,,
433,2018-12-31,VNA GR Equity,9923.0,4.0,,26651.0,-0.343,1150000.0,5324767.0,,,,0.0,2.621,,0.0,4.0,124404.786,52.0661,0.583,1.0,0.0,1.0,,
434,2019-12-31,VNA GR Equity,10345.0,4.0,,27453.0,-0.357,1150000.0,5245000.0,,,,0.0,2.61,,0.0,2.0,149166.667,53.719,1.583,1.0,0.0,1.0,,
435,2005-12-31,BN FP Equity,,,,,,,,,,,,,,,,,,,,,,,
436,2006-12-31,BN FP Equity,88124.0,6.0,,,,,,,,,,,,,,,37.6033,,,,,,
437,2007-12-31,BN FP Equity,76044.0,5.0,,,0.1452,990920.0,4964928.0,,,0.149,,0.4234,,,1.0,38200.0,40.4959,,,,,,
438,2008-12-31,BN FP Equity,80143.0,6.0,,,0.2366,1050000.0,9275490.8995,,,0.245,,0.6402,,,4.0,43111.1111,50.4132,,,,,,
439,2009-12-31,BN FP Equity,80976.0,6.0,,,0.2084,1050000.0,8532530.0,,,0.2162,,0.5292,,,1.0,49800.0,52.4793,,,,,,
440,2010-12-31,BN FP Equity,85073.0,6.0,,,0.1215,1050000.0,5972750.0,,,0.1255,,0.3169,,,0.0,42909.0909,52.0661,,0.0,0.0,,,
441,2011-12-31,BN FP Equity,87164.0,5.0,,,0.1247,1050000.0,6296250.0,,,0.1289,,0.3261,,,0.0,32500.0,52.8926,,0.0,0.0,,,
442,2012-12-31,BN FP Equity,86555.0,6.0,,,0.0991,1050000.0,5928274.0,,,0.1025,,0.268,,,0.0,36785.7143,58.6777,,0.0,0.0,,,
443,2013-12-31,BN FP Equity,104642.0,6.0,,,0.0822,1050000.0,5056825.0,,,0.0851,,0.2216,,,0.0,46545.4545,59.0909,,0.0,0.0,,,
444,2014-12-31,BN FP Equity,99927.0,6.0,,,0.069,2048625.0,4109735.0,,,0.0714,,0.1843,,,3.0,49916.6667,56.1983,,0.0,0.0,,,
445,2015-12-31,BN FP Equity,99771.0,5.0,,4620.0,0.0755,1000000.0,6101753.0,,,0.0781,,0.2004,,,0.0,53416.6667,54.5455,,0.0,0.0,,,
446,2016-12-31,BN FP Equity,99091.0,6.0,,4620.0,0.0568,1000000.0,4240000.0,,,0.0592,,0.137,,,0.0,57250.0,52.8926,,0.0,0.0,0.0,,
447,2017-12-31,BN FP Equity,104843.0,5.0,,4620.0,0.0691,1000000.0,5151333.0,,,0.0721,,0.16,,0.0,2.0,51723.1853,52.0661,,0.0,0.0,1.0,,
448,2018-12-31,BN FP Equity,105783.0,5.0,,7347.0,0.0546,1000000.0,2807000.0,,,0.0567,,0.1353,,0.0,0.0,169444.7307,53.719,,0.0,0.0,0.0,,
449,2019-12-31,BN FP Equity,102449.0,5.0,,7402.0,0.0324,1000000.0,2050000.0,,,0.0337,,0.0752,,0.0,0.0,249164.375,53.3058,,0.0,0.0,0.0,,
450,2005-12-31,BNP FP Equity_,101917.0,4.0,,,,,,,,,,,,,,,23.6842,,,,,,
451,2006-12-31,BNP FP Equity_,142652.0,4.0,,,,,,,,,,,,,,,35.0877,,,,,,
452,2007-12-31,BNP FP Equity_,153648.0,5.0,,,0.0672,900000.0,8977899.0,,,,,0.1171,,,0.0,62266.0,35.0877,,,,,,
453,2008-12-31,BNP FP Equity_,173188.0,5.0,,,0.0616,945833.0,8338982.0,,,,,0.1247,,,2.0,71305.25,37.2807,,,,,,
454,2009-12-31,BNP FP Equity_,201740.0,4.0,,,0.027,950000.0,4218407.0,,,,,0.045,,,0.0,70746.5,40.7895,,,,,,
455,2010-12-31,BNP FP Equity_,205348.0,6.0,,,0.0169,950000.0,3719621.0,,,,,0.0297,,,0.0,46657.7222,53.9474,,,,,,
456,2011-12-31,BNP FP Equity_,198423.0,4.0,,,0.0298,1762500.0,5236710.0,,,,,0.0519,,,5.0,47382.0,57.8947,11.3333,0.0,0.0,,,
457,2012-12-31,BNP FP Equity_,188551.0,4.0,,,0.0321,1150000.0,6170777.0,,,,,0.0558,,,0.0,45277.5,56.5789,1.0833,0.0,0.0,,,
458,2013-12-31,BNP FP Equity_,184545.0,4.0,,,0.0426,1250000.0,7920414.0,,,,,0.0771,,,0.0,53796.375,57.8947,1.0833,0.0,0.0,,,
459,2014-12-31,BNP FP Equity_,187903.0,4.0,95.812,,0.0324,1250000.0,7198465.0,,773.265,,,0.0711,,,3.0,59411.0625,57.0175,1.0833,0.0,0.0,,,
460,2015-12-31,BNP FP Equity_,189077.0,2.0,97.348,4568.0,0.0161,1250000.0,4128396.0,,642.893,,,0.0295,,0.0,1.0,61841.8667,57.0175,1.0833,0.0,0.0,0.0,,
461,2016-12-31,BNP FP Equity_,192418.0,4.0,95.488,4626.0,0.0264,1562000.0,6870626.0,,655.922,,,0.0472,,0.0,0.0,86666.8,54.386,1.0833,0.0,1.0,0.0,,
462,2017-12-31,BNP FP Equity_,196128.0,5.0,98.823,6127.0,0.0279,1562000.0,7247145.0,,702.058,,,0.0506,,0.0,0.0,86666.7333,54.8246,1.0833,0.0,1.0,0.0,,
463,2018-12-31,BNP FP Equity_,202624.0,4.0,98.448,6507.0,0.0364,1562000.0,5938047.0,,690.278,,,0.067,,0.0,0.0,81249.9375,55.7018,1.0833,0.0,1.0,1.0,,
464,2019-12-31,BNP FP Equity_,198816.0,5.0,99.84,6507.0,0.02,1562000.0,5455103.0,,768.224,,,0.0356,,0.0,0.0,92857.1429,53.0702,1.0833,0.0,1.0,1.0,,
465,2005-12-31,EL FP Equity,,,,,,,,,,,,,,,,,,,,,,,
466,2006-12-31,EL FP Equity,21000.0,2.0,,,,,,,,,,,,,,,33.4711,,,,,,
467,2007-12-31,EL FP Equity,22861.0,4.0,,,0.1785,500689.0,1458464.0,,,0.2023,,0.2185,,,0.0,21791.6667,34.7107,,,,,,
468,2008-12-31,EL FP Equity,23081.0,4.0,,,0.266,700017.0,2089087.0,,,0.3024,,0.3115,,,1.0,23050.0,38.0165,,,,,,
469,2009-12-31,EL FP Equity,23578.0,4.0,,,0.3823,721013.0,3129335.0,,,0.4333,,0.4589,,,2.0,21226.6667,40.0826,,,,,,
470,2010-12-31,EL FP Equity,24946.0,2.0,,,0.2822,1150000.0,2630457.0,,,0.3128,,0.3623,,,2.0,27615.3846,38.843,,0.0,0.0,,,
471,2011-12-31,EL FP Equity,33530.0,3.0,,,0.1969,650000.0,2021000.0,,,0.217,,0.3623,,,0.0,27330.7692,38.843,,0.0,0.0,,,
472,2012-12-31,EL FP Equity,50668.0,5.0,,,0.1087,800000.0,1653450.0,,,0.1185,,0.1378,,,0.0,24733.3333,47.5207,,0.0,0.0,,,
473,2013-12-31,EL FP Equity,55129.0,4.0,,,0.119,800000.0,1784000.0,,,0.1296,,0.149,,,0.0,33014.2857,52.4793,,0.0,0.0,,,
474,2014-12-31,EL FP Equity,58032.0,4.0,,,0.0833,800000.0,1648000.0,,,0.0897,,0.1262,,,0.0,33493.9333,54.9587,,0.0,0.0,0.0,,
475,2015-12-31,EL FP Equity,60883.0,4.0,,7401.0,0.0774,800000.0,1978400.0,,,0.0837,,0.1078,,,0.0,43077.3125,56.6116,,0.0,0.0,0.0,,
476,2016-12-31,EL FP Equity,63676.0,4.0,,7514.0,0.0822,800000.0,2196701.0,,,0.0886,,0.1139,,,0.0,39765.4706,57.0248,,0.0,0.0,0.0,,
477,2017-12-31,EL FP Equity,69400.0,4.0,,7633.0,0.0607,800000.0,2465561.0,,,0.0615,,0.122,,0.0,0.0,56780.2,56.1983,,0.0,0.0,0.0,,
478,2018-12-31,EL FP Equity,152740.0,5.0,,7731.0,0.085,887500.0,3865550.0,,,0.088,,0.1427,,0.0,2.0,54616.7,57.0248,,0.0,0.0,0.0,,
479,2019-12-31,EL FP Equity,152954.0,12.0,,7731.0,0.046,887500.0,3525250.0,,,0.0489,,0.1427,,0.0,0.0,880133.0,51.6529,,0.0,1.0,0.0,,
480,2005-12-31,DG FP Equity,,,,,,,,,,,,,,,,,,,,,,,
481,2006-12-31,DG FP Equity,138524.0,4.0,,,,,,,,,,,,,,,39.2562,,,,,,
482,2007-12-31,DG FP Equity,158628.0,5.0,,,0.016,661554.0,3072110.0,,,,,0.0602,,,1.0,40704.6364,41.7355,,,,,,
483,2008-12-31,DG FP Equity,164057.0,5.0,,,0.0156,700000.0,3065173.0,,,,,0.0586,,,0.0,42083.3333,47.9339,,,,,,
484,2009-12-31,DG FP Equity,161746.0,4.0,,,0.0155,700000.0,2982945.0,,,0.0155,,0.0555,,,0.0,45320.5385,49.1736,,,,,,
485,2010-12-31,DG FP Equity,179527.0,5.0,,,0.007,700000.0,1820117.0,,,0.007,,0.0245,,,1.0,138196.3077,50.4132,,,,,,
486,2011-12-31,DG FP Equity,183320.0,4.0,,,0.0073,900000.0,1782997.0,,,0.0073,,0.0258,,,0.0,69576.5333,49.5868,,0.0,0.0,,,
487,2012-12-31,DG FP Equity,192701.0,4.0,,,0.0066,900000.0,1816330.0,,,0.0066,,0.023,,,0.0,62628.1538,49.5868,,1.0,0.0,,,
488,2013-12-31,DG FP Equity,190704.0,5.0,,,0.0067,900000.0,1887530.0,,,0.0068,,0.0238,,,0.0,53095.2143,50.0,,1.0,0.0,,,
489,2014-12-31,DG FP Equity,185293.0,5.0,,,0.0108,971111.0,2887893.0,,,0.0108,,0.0376,,,1.0,55535.7857,47.5207,,1.0,0.0,0.0,,
490,2015-12-31,DG FP Equity,185452.0,5.0,,,0.0102,1000000.0,3276196.0,,,0.0102,,0.0347,,,0.0,61104.375,48.3471,,1.0,0.0,0.0,,
491,2016-12-31,DG FP Equity,183487.0,5.0,,4064.0,0.01,1000000.0,3102577.0,,,0.01,,0.0327,,,1.0,74880.7143,48.3471,,1.0,0.0,0.0,,
492,2017-12-31,DG FP Equity,194428.0,4.0,,4064.0,0.0073,1000000.0,2335997.0,,,0.0073,,0.0243,,0.0,0.0,64342.1532,50.0,,1.0,0.0,0.0,,
493,2018-12-31,DG FP Equity,211233.0,5.0,,4064.0,0.0076,1140556.0,2529315.0,,,0.0073,,0.0249,,0.0,0.0,82250.0,50.0,,1.0,0.0,0.0,,
494,2019-12-31,DG FP Equity,222397.0,5.0,,4064.0,0.0066,1200000.0,2891382.0,,,0.0073,,0.0245,,0.0,0.0,72509.5294,50.8264,,1.0,0.0,0.0,,
495,2005-12-31,ASML NA Equity,,,,,,,,,,,,,,,,,,,,,,,
496,2006-12-31,ASML NA Equity,,,,,,,,,,,,,,,,,,,,,,,
497,2007-12-31,ASML NA Equity,6582.0,7.0,,,0.474,710000.0,2335696.0,,,1.401,,0.628,,,0.0,63595.111,33.4711,6.583,,,,,
498,2008-12-31,ASML NA Equity,8259.0,4.0,,,0.522,735000.0,2360291.0,,,1.7890000000000001,,0.669,,,0.0,61898.5,38.0165,7.583,,,,,
499,2009-12-31,ASML NA Equity,7685.0,10.0,,,0.479,735000.0,2660538.0,,,1.923,,0.578,,,2.0,58055.556,40.4959,8.583,,,,,
500,2010-12-31,ASML NA Equity,9245.0,9.0,,,1.359,757000.0,4165192.0,,,5.288,120283.0,1.508,,,1.0,65312.5,41.7355,9.583,,,,,
501,2011-12-31,ASML NA Equity,9890.0,8.0,,,1.5590000000000002,787000.0,4325452.0,,,5.784,0.0,1.686,,,0.0,70890.625,41.7355,10.583,1.0,0.0,,1.0,
502,2012-12-31,ASML NA Equity,10561.0,9.0,,127116.0,1.7810000000000001,818000.0,4509900.0,,,5.828,0.0,1.8439999999999999,,,0.0,80170.75,42.562,11.583,1.0,0.0,,1.0,
503,2013-12-31,ASML NA Equity,13225.0,8.0,,153348.0,1.892,1524500.0,5236244.0,,,7.246,0.0,2.339,,,6.0,72737.0,48.7603,0.083,1.0,0.0,,1.0,
504,2014-12-31,ASML NA Equity,14072.0,8.0,,49462.0,1.561,935000.0,7943173.0,,,6.784,0.0,1.913,,,1.0,76583.333,48.3471,1.083,1.0,0.0,,1.0,
505,2015-12-31,ASML NA Equity,14681.0,9.0,,50575.0,1.185,954000.0,6590743.0,,,4.8469999999999995,0.0,1.252,,,0.0,84055.556,46.6942,2.083,1.0,1.0,1.0,1.0,
506,2016-12-31,ASML NA Equity,15910.0,9.0,,50823.0,1.12,978000.0,7090594.0,,,4.426,0.0,1.129,,0.0,0.0,80944.444,42.562,3.083,1.0,1.0,1.0,1.0,
507,2017-12-31,ASML NA Equity,19216.0,9.0,,51263.0,0.925,978000.0,7439000.0,,,3.722,0.0,0.905,,0.0,0.0,93906.25,46.6942,4.083,1.0,1.0,1.0,1.0,
508,2018-12-31,ASML NA Equity,23247.0,9.0,,52837.0,0.854,978000.0,7760434.0,,,3.61,0.0,0.861,,0.0,4.0,85629.667,47.9339,0.583,1.0,1.0,1.0,1.0,
509,2019-12-31,ASML NA Equity,24900.0,8.0,,53000.0,0.87,1000000.0,9772000.0,,,4.16,0.0,0.881,,0.0,0.0,111000.0,50.8264,1.583,1.0,1.0,1.0,1.0,
510,2005-12-31,AMS SM Equity,,,,,,,,,,,,,,,,,,,,,,,
511,2006-12-31,AMS SM Equity,,,,,,,,,,,,,,,,,,,,,,,
512,2007-12-31,AMS SM Equity,9388.0,,,,,,0.0,,,,,,,,,50000.0,,,,,,,
513,2008-12-31,AMS SM Equity,10270.0,,,,,,0.0,,,,,,,,,50000.0,,,,,,,
514,2009-12-31,AMS SM Equity,10222.0,4.0,,,,,0.0,,,,,,,,,76000.0,44.6281,,1.0,0.0,,,
515,2010-12-31,AMS SM Equity,11037.0,4.0,,,,,0.0,,,,,,,,,78230.7692,45.8678,,0.0,0.0,,,
516,2011-12-31,AMS SM Equity,10502.0,4.0,,,,,0.0,,,,,,,,,96615.3846,46.6942,,0.0,0.0,,,
517,2012-12-31,AMS SM Equity,12608.0,4.0,,,,,0.0,,,,,,,,,110545.4545,48.7603,,0.0,0.0,,,
518,2013-12-31,AMS SM Equity,14251.0,4.0,,,,,0.0,,,,,,,,,102571.4286,47.5207,,0.0,0.0,,,
519,2014-12-31,AMS SM Equity,15380.0,4.0,,,0.0526,436000.0,917000.0,,,0.0675,,0.1335,,,0.0,95384.6154,45.8678,,0.0,0.0,0.0,,
520,2015-12-31,AMS SM Equity,16785.0,4.0,,117000.0,0.0882,883000.0,2156000.0,,,0.1137,,0.2213,,,0.0,142000.0,46.6942,,0.0,0.0,0.0,,
521,2016-12-31,AMS SM Equity,18673.0,4.0,,65000.0,0.0712,867000.0,2033000.0,,,0.0909,,0.1814,,,0.0,142111.1111,50.4132,,0.0,0.0,0.0,,
522,2017-12-31,AMS SM Equity,19442.0,4.0,,65000.0,0.0709,880000.0,2018000.0,,,0.0914,,0.1764,,0.0,0.0,112416.6667,50.8264,,0.0,0.0,0.0,,
523,2018-12-31,AMS SM Equity,,,,46000.0,0.059,916000.0,1688000.0,,,0.0784,,0.1512,,0.0,0.0,107153.8462,,,,,,,
524,2019-12-31,AMS SM Equity,,,,35000.0,0.0577,937000.0,2074000.0,,,0.0754,,0.153,,0.0,0.0,127333.3333,,,,,,,
525,2005-12-31,DPW GR Equity,455115.0,6.0,,,,,,,,,,,,,,,21.9008,,,,,,
526,2006-12-31,DPW GR Equity,441654.0,5.0,,,,,,,,,,,,,,,30.9917,,,,,,
527,2007-12-31,DPW GR Equity,453626.0,5.0,,,0.04,2359558.0,14528669.0,,,,,0.125,,2.763,6.0,39650.725,35.9504,0.25,,,,,
528,2008-12-31,DPW GR Equity,451515.0,10.0,,,0.02,3284836.0,6496483.0,,,,,0.064,,2.763,2.0,29493.59,39.6694,1.25,,,,,
529,2009-12-31,DPW GR Equity,424686.0,8.0,,,0.036,2604664.0,11535271.0,,,0.036,,0.101,,2.763,4.0,36036.381,47.1074,0.333,,,,,
530,2010-12-31,DPW GR Equity,418946.0,8.0,,,0.031,2521973.0,11637476.0,,,0.031,,0.096,,2.763,0.0,54487.5,52.0661,1.333,0.0,0.0,,,
531,2011-12-31,DPW GR Equity,423348.0,7.0,,,0.032,2664919.0,11601704.0,,,0.032,,0.1,,2.763,2.0,64090.909,44.2149,2.333,0.0,0.0,0.0,,
532,2012-12-31,DPW GR Equity,473626.0,9.0,,,0.031,2771411.0,11193235.0,,,0.031,,0.096,,2.763,2.0,69595.238,45.0413,3.333,0.0,0.0,0.0,,
533,2013-12-31,DPW GR Equity,480006.0,7.0,,,0.033,2892556.0,10613962.0,,,0.033,,0.099,,2.763,0.0,70841.6,46.6942,4.333,0.0,0.0,0.0,,
534,2014-12-31,DPW GR Equity,488824.0,7.0,,1127625.0,0.077,2719169.0,8820743.0,,,0.077,,0.233,,2.763,4.0,121409.091,47.1074,4.333,1.0,0.0,0.0,,
535,2015-12-31,DPW GR Equity,497745.0,7.0,,202911.0,0.064,2677556.0,7788086.0,,,0.064,,0.193,,2.763,1.0,134100.0,49.5868,6.333,1.0,0.0,0.0,,
536,2016-12-31,DPW GR Equity,508036.0,7.0,,209675.0,0.04,2786306.0,8736200.0,,,0.04,,0.114,,2.763,3.0,119181.818,51.6529,0.333,1.0,0.0,0.0,,
537,2017-12-31,DPW GR Equity,519544.0,7.0,,208461.0,0.041,2891411.0,8995282.0,,,0.041,,0.121,,0.0,2.0,123592.236,52.8926,1.333,1.0,0.0,0.0,,
538,2018-12-31,DPW GR Equity,547459.0,8.0,,317428.0,0.042,2990684.0,9532722.0,,,0.041,,0.12,,0.0,2.0,108740.265,52.4793,2.333,1.0,1.0,0.0,,
539,2019-12-31,DPW GR Equity,546924.0,7.0,,166933.0,0.049,2758184.0,10761653.0,,,0.041,,0.14,,0.0,5.0,123809.524,50.0,3.333,1.0,1.0,0.0,,
540,2005-12-31,CS FP Equity,,,,,,,,,,,,,,,,,,,,,,,
541,2006-12-31,CS FP Equity,93881.0,8.0,,,,,,,,,,,,,,,30.7018,,,,,,
542,2007-12-31,CS FP Equity,120390.0,7.0,,,0.3915,,14678800.0,,,,,,,,1.0,,35.5263,4.6667,,,,,
543,2008-12-31,CS FP Equity,135901.0,6.0,,,0.4294,303917.0,12538224.0,,,,,,,,2.0,,42.1053,5.6667,,,,,
544,2009-12-31,CS FP Equity,128358.0,7.0,,,0.3174,303917.0,12041494.0,,,,,,,,3.0,,46.0526,6.6667,,,,,
545,2010-12-31,CS FP Equity,127153.0,9.0,,,0.1787,833333.0,8073131.0,,,,,,,,4.0,,47.3684,6.6667,0.0,0.0,,,
546,2011-12-31,CS FP Equity,110551.0,7.0,,,0.1902,950000.0,8124379.0,,,,,,,,0.0,,47.3684,6.6667,0.0,1.0,,,
547,2012-12-31,CS FP Equity,109362.0,7.0,,,0.1349,950000.0,5026713.0,,,,,,,,0.0,,47.3684,6.6667,0.0,1.0,,,
548,2013-12-31,CS FP Equity,112869.0,6.0,94.492,,0.115,950000.0,4259999.0,,1724.21,,,,,,0.0,79891.2413,47.3684,6.6667,0.0,1.0,,,
549,2014-12-31,CS FP Equity,116034.0,5.0,93.67,,0.1488,950000.0,5221175.0,,1706.42,,,,,,0.0,120833.3308,47.3684,6.6667,0.0,1.0,0.0,,
550,2015-12-31,CS FP Equity,120486.0,7.0,93.76,,0.1247,950000.0,5944367.0,,1633.07,,,,,,0.0,133288.3342,47.3684,6.6667,0.0,1.0,0.0,,
551,2016-12-31,CS FP Equity,118366.0,6.0,95.489,3381.0,0.1687,1116666.0,6582412.0,,1725.6,,,,,,3.0,115152.7071,48.2456,6.6667,0.0,1.0,0.0,,
552,2017-12-31,CS FP Equity,116514.0,8.0,91.506,4044.0,0.2232,1450000.0,1676770.0,,1719.34,,,,,0.0,0.0,144517.0677,48.2456,6.6667,0.0,1.0,0.0,,
553,2018-12-31,CS FP Equity,125934.0,7.0,92.397,4044.0,0.0439,1450000.0,2625885.0,,1654.32,,,,,0.0,0.0,100810.1861,49.5614,6.6667,0.0,1.0,0.0,,
554,2019-12-31,CS FP Equity,121337.0,6.0,92.529,4044.0,0.1273,1450000.0,2931728.0,,1653.95,,,,,0.0,0.0,109374.9994,49.5614,6.6667,0.0,1.0,0.0,,
555,2005-12-31,DTE GR Equity,243695.0,5.0,,,,,,,,,,,,,,,14.8148,,,,,,
556,2006-12-31,DTE GR Equity,248800.0,6.0,,,,,,,,,,,,,,,25.1029,,,,,,
557,2007-12-31,DTE GR Equity,241426.0,4.0,,224479.59,0.055,1041666.6,7471878.97,,,,,0.083,,,3.0,33765.079,28.8066,4.0,,,0.0,,
558,2008-12-31,DTE GR Equity,227747.0,5.0,,86262.0,0.082,1250000.0,11544880.0,,,0.083,,0.128,,,1.0,27754.385,32.5103,5.0,,,0.0,,
559,2009-12-31,DTE GR Equity,258000.0,5.0,,37233.0,0.058,1250000.0,9413133.0,,,0.058,,0.096,,,3.0,35470.0,34.9794,6.0,,,0.0,,
560,2010-12-31,DTE GR Equity,247000.0,6.0,,35790.0,0.083,1350000.0,11888324.0,,,0.083,,0.124,,,1.0,64547.619,36.214,1.833,,,0.0,,
561,2011-12-31,DTE GR Equity,235132.0,5.0,,28683.0,0.089,1450000.0,12528680.0,,,0.09,,0.143,,,4.0,86158.73,37.4486,2.833,0.0,0.0,0.0,,
562,2012-12-31,DTE GR Equity,229686.0,6.0,,51711.0,0.05,1450000.0,9211455.0,,,0.05,,0.105,,,4.0,87707.247,40.3292,3.833,0.0,0.0,0.0,,
563,2013-12-31,DTE GR Equity,228596.0,5.0,,29758.0,0.092,1450000.0,10799757.0,,,0.092,,0.123,,,1.0,112898.551,40.3292,4.833,0.0,0.0,0.0,,
564,2014-12-31,DTE GR Equity,227811.0,5.0,,29758.0,0.108,1450000.0,10416292.0,,,0.108,,0.147,,,4.0,150513.888,38.2716,1.0,0.0,0.0,0.0,,
565,2015-12-31,DTE GR Equity,225243.0,5.0,,67166.0,0.038,1450000.0,10788500.0,,,0.038,,0.153,,,2.0,126103.175,43.6214,2.0,0.0,0.0,0.0,,
566,2016-12-31,DTE GR Equity,218300.0,6.0,,156742.0,0.027,1450000.0,12583421.0,,,0.027,,0.113,,,0.0,136138.89,46.5021,3.0,0.0,0.0,0.0,,
567,2017-12-31,DTE GR Equity,217349.0,5.0,,29061.0,0.041,1450000.0,12631000.0,,,0.041,,0.182,,0.0,3.0,131795.455,46.0905,4.0,0.0,0.0,0.0,,
568,2018-12-31,DTE GR Equity,215675.0,5.0,,31655.0,0.046,1450000.0,12482376.559,,,0.046,,0.193,,0.0,4.0,111070.514,48.5597,5.0,0.0,0.0,0.0,,
569,2019-12-31,DTE GR Equity,210533.0,5.0,,60111.0,0.043,1500000.0,14600000.0,,,0.046,,0.184,,0.0,4.0,144425.0,48.5597,1.0,0.0,0.0,1.0,,
570,2005-12-31,SAF FP Equity,,,,,,,,,,,,,,,,,,,,,,,
571,2006-12-31,SAF FP Equity,49375.0,4.0,,,,,,,,,,,,,,,31.405,,,,,,
572,2007-12-31,SAF FP Equity,51500.0,10.0,,,0.0779,776667.0,2879436.0,,,0.0829,,0.2523,,15.7951,3.0,65210.0,30.5785,,,,,,
573,2008-12-31,SAF FP Equity,47050.0,6.0,,,0.0399,700000.0,3269665.0,,,0.0419,,0.1266,,15.7951,1.0,35833.4615,35.5372,,,,,,
574,2009-12-31,SAF FP Equity,45281.0,6.0,,,0.0718,700000.0,5058646.0,,,0.0768,,0.2217,,15.7951,4.0,36056.1538,36.7769,,,,,,
575,2010-12-31,SAF FP Equity,47851.0,6.0,,,0.0689,700000.0,5198000.0,,,0.0726,,0.2039,,15.7951,0.0,35126.6923,38.843,,0.0,0.0,,,
576,2011-12-31,SAF FP Equity,59800.0,6.0,,,0.086,730000.0,5232750.0,,,0.0911,,0.2494,,15.7951,4.0,21471.5263,38.843,,0.0,0.0,,,
577,2012-12-31,SAF FP Equity,62558.0,7.0,,,0.0425,730000.0,4110783.0,,,0.0449,,0.1279,,15.7951,0.0,41256.994,38.0165,,0.0,0.0,,,
578,2013-12-31,SAF FP Equity,66289.0,7.0,,,0.044,730000.0,4249000.0,,,0.0464,,0.1288,,15.7951,3.0,22464.3367,35.5372,,0.0,0.0,,,
579,2014-12-31,SAF FP Equity,68945.0,8.0,,,0.035,730000.0,3633000.0,,,0.0374,,0.1032,,15.7951,0.0,30214.0225,37.1901,,0.0,0.0,0.0,,
580,2015-12-31,SAF FP Equity,70087.0,7.0,,200025.0,0.0184,640873.0,2191536.0,,,0.0195,,0.0587,,15.7951,2.0,31942.83,43.8017,,0.0,0.0,0.0,,
581,2016-12-31,SAF FP Equity,66490.0,6.0,,4011.0,0.0092,600000.0,1102619.0,,,0.0098,,0.0282,,15.7951,0.0,34174.8667,46.281,,0.0,0.0,0.0,,
582,2017-12-31,SAF FP Equity,58324.0,5.0,,159365.7,0.0121,600000.0,1345500.0,,,0.013,,0.0401,,0.0,0.0,62651.8124,46.281,,0.0,0.0,0.0,,
583,2018-12-31,SAF FP Equity,92639.0,5.0,,4786.84,0.014,800000.0,2089640.96,,,0.0149,,0.048,,0.0,0.0,71562.2914,45.0413,,0.0,0.0,0.0,,
584,2019-12-31,SAF FP Equity,95443.0,5.0,,206770.76,0.0133,800000.0,2374634.23,,,0.0141,,0.0455,,0.0,0.0,70852.6647,47.1074,,0.0,0.0,0.0,,
585,2005-12-31,AIR FP Equity,,,,,,,,,,,,,,,,,,,,,,,
586,2006-12-31,AIR FP Equity,116805.0,5.0,,,,,,,,,,,,,,,35.9504,,,,,,
587,2007-12-31,AIR FP Equity,116493.0,5.0,,,0.2172,2118157.0,7421459.0,,,0.4946,,0.1112,,,5.0,94454.0909,38.4298,3.0,,,,,
588,2008-12-31,AIR FP Equity,118349.0,5.0,,,0.2172,900000.0,2445500.0,,,0.4946,,0.1112,,,0.0,94454.0909,40.0826,3.0,,,,,
589,2009-12-31,AIR FP Equity,119506.0,5.0,,,0.2172,900000.0,2041250.0,,,0.4946,,0.1112,,,0.0,153000.0,42.9752,3.0,,,,,
590,2010-12-31,AIR FP Equity,121691.0,8.0,,,0.2172,900000.0,2632500.0,,,0.4946,,0.1112,,,0.0,169000.0,44.6281,3.0,0.0,0.0,,,
591,2011-12-31,AIR FP Equity,133115.0,5.0,,,0.2172,990000.0,2983475.0,,,0.4946,,0.1112,,,0.0,159500.0,50.0,3.0,0.0,0.0,,,
592,2012-12-31,AIR FP Equity,140405.0,5.0,,,0.0432,1229169.0,3337867.0,,,0.087,,0.0221,,,2.0,139027.9167,53.719,3.0,0.0,0.0,,,
593,2013-12-31,AIR FP Equity,144061.0,4.0,,,0.1919,1400004.0,3150004.0,,,0.3903,,0.0928,,,0.0,115666.6667,53.719,3.0,0.0,0.0,,,
594,2014-12-31,AIR FP Equity,138622.0,4.0,,,0.1506,1400004.0,3150004.0,,,0.3344,,0.0723,,,0.0,139090.9091,50.4132,3.0,0.0,0.0,0.0,,
595,2015-12-31,AIR FP Equity,136574.0,5.0,,80418.0,0.116,1400004.0,3059004.0,,,0.2558,,0.054,,,1.0,134545.4545,47.5207,3.0,1.0,0.0,0.0,,
596,2016-12-31,AIR FP Equity,133782.0,5.0,,83423.0,0.1163,1500000.0,3562000.0,,,0.2324,,0.0527,,,0.0,129513.2857,46.281,3.0,1.0,1.0,0.0,,
597,2017-12-31,AIR FP Equity,129442.0,6.0,,63250.0,0.1256,1500000.0,3412500.0,,,0.2526,,0.0533,,0.0,0.0,173366.9167,51.6529,3.0,1.0,1.0,0.0,,
598,2018-12-31,AIR FP Equity,133671.0,5.0,,375605.0,0.1292,1500000.0,3667500.0,,,0.2881,,0.0573,,0.0,0.0,143636.5,52.4793,3.0,1.0,1.0,0.0,,
599,2019-12-31,AIR FP Equity,134931.0,7.0,,375605.0,0.0335,1392046.0,2944903.0,,,0.0509,,0.0236,,0.0,2.0,213652.3636,47.1074,3.0,1.0,1.0,1.0,,
600,2005-12-31,SAP GR Equity,,,,,,,,,,,,,,,,,,,,,,,
601,2006-12-31,SAP GR Equity,39355.0,4.0,,,,,,,,,,,,,,,,,1.0,0.0,,,
602,2007-12-31,SAP GR Equity,44023.0,4.0,,59000.0,0.612,1214100.0,16236100.0,,,0.948,,0.604,,,2.0,88947.619,44.6281,7.0,1.0,0.0,,,
603,2008-12-31,SAP GR Equity,51544.0,5.0,,348800.0,0.639,1862400.0,19359100.0,,,0.965,,0.627,,,6.0,87933.333,51.2397,8.0,1.0,0.0,,,
604,2009-12-31,SAP GR Equity,47600.0,10.0,,170821.194,1.056,1556212.601,28932613.152,,,1.63,,1.011,,,4.0,101850.0,43.3884,9.0,1.0,0.0,,,
605,2010-12-31,SAP GR Equity,53513.0,10.0,,348400.0,0.377,2857200.0,12451800.0,,,0.531,,0.434,,0.0,7.0,179693.75,49.1736,10.0,1.0,0.0,,,
606,2011-12-31,SAP GR Equity,55765.0,10.0,,515600.0,0.674,2429900.0,19429300.0,,,1.102,,0.579,,0.0,2.0,178088.235,49.1736,11.0,1.0,0.0,,,
607,2012-12-31,SAP GR Equity,64422.0,8.0,,579700.0,0.51,2353300.0,14060500.0,,,0.748,,0.536,,0.0,2.0,139752.381,60.7438,11.0,1.0,0.0,,,
608,2013-12-31,SAP GR Equity,66572.0,8.0,,7653400.0,0.606,2300000.0,13782700.0,,,0.881,,0.618,,0.0,3.0,185356.25,45.0413,0.583,1.0,0.0,,,
609,2014-12-31,SAP GR Equity,74406.0,8.0,,3508500.0,0.406,1598800.0,9741700.0,,,0.574,,0.425,,0.0,7.0,169842.105,35.5372,0.583,1.0,0.0,0.0,,
610,2015-12-31,SAP GR Equity,76986.0,8.0,,1258000.0,0.226,1150000.0,10975000.0,,,0.312,,0.246,,0.0,1.0,145137.5,43.8017,1.583,1.0,0.0,0.0,,
611,2016-12-31,SAP GR Equity,84183.0,9.0,,1625700.0,0.368,1403000.0,12826700.0,,,0.522,,0.403,,0.0,3.0,202888.889,47.5207,2.583,1.0,0.0,0.0,,
612,2017-12-31,SAP GR Equity,89626.0,6.0,,1271900.0,0.357,1374300.0,13112800.0,,,0.503,,0.391,,0.0,4.0,192789.474,46.6942,3.583,1.0,1.0,1.0,,
613,2018-12-31,SAP GR Equity,96498.0,6.0,,794700.0,0.366,1314700.0,14624700.0,,,0.533,,0.364,,0.0,0.0,185125.0,46.6942,4.583,1.0,1.0,0.0,,
614,2019-12-31,SAP GR Equity,100330.0,6.0,,1264200.0,0.352,2764000.0,16733000.0,,,0.497,,0.349,,0.0,7.0,157104.167,46.6942,5.583,1.0,1.0,0.0,,
615,2005-12-31,ABI BB Equity,77366.0,5.0,,,,,,,,,,,,,,,30.5785,,,,,,
616,2006-12-31,ABI BB Equity,85617.0,9.0,,,,,,,,,,,,,,,35.124,,,,,,
617,2007-12-31,ABI BB Equity,87060.0,7.0,,,,,,,,,,,,,,,41.7355,,,,,,
618,2008-12-31,ABI BB Equity,120000.0,8.0,,,,,,,,,,,,,,,35.5372,,0.0,0.0,,,
619,2009-12-31,ABI BB Equity,116000.0,9.0,,,,,,,,,,,,,,,44.6281,,0.0,0.0,,,
620,2010-12-31,ABI BB Equity,114000.0,9.0,,,,,,,,,,,,,,,48.7603,,0.0,0.0,,,
621,2011-12-31,ABI BB Equity,116278.0,9.0,,,,,,,,,,,,,,,51.2397,,0.0,0.0,,,
622,2012-12-31,ABI BB Equity,118000.0,9.0,,,,,,,,,,,,,,,51.6529,,0.0,0.0,,,
623,2013-12-31,ABI BB Equity,154587.0,8.0,,,,,,,,,,,,,,,53.3058,,0.0,0.0,,,
624,2014-12-31,ABI BB Equity,155000.0,10.0,,,,,,,,,,,,,,,54.5455,,0.0,0.0,,,
625,2015-12-31,ABI BB Equity,152321.0,10.0,,,,,,,,,,,,,,,53.719,,0.0,0.0,0.0,,
626,2016-12-31,ABI BB Equity,206633.0,8.0,86.604,,0.012,1480000.0,1480000.0,,1297.28,0.012,,0.029,,,1.0,78132.353,48.7603,,0.0,0.0,0.0,,
627,2017-12-31,ABI BB Equity,182915.0,9.0,83.728,,0.049,1450000.0,6550000.0,,1269.46,0.049,,0.131,,0.0,0.0,97384.615,40.4959,,0.0,0.0,1.0,,
628,2018-12-31,ABI BB Equity,172603.0,9.0,81.973,,0.053,1430000.0,6530000.0,,1274.35,0.054,,0.14,,0.0,0.0,90191.4,45.0413,,0.0,0.0,0.0,,
629,2019-12-31,ABI BB Equity,170000.0,9.0,83.408,40000.0,0.032,1460000.0,4070000.0,,1266.66,0.033,,0.082,,0.0,0.0,106950.1,44.6281,,0.0,0.0,0.0,,
630,2005-12-31,DB1 GR Equity,,,,,,,,,,,,,,,,,,,,,,,
631,2006-12-31,DB1 GR Equity,,,,,,,,,,,,,,,,,,,,,,,
632,2007-12-31,DB1 GR Equity,3052.0,,,,,,,,,,,,,,,,7.8512,,,,,,
633,2008-12-31,DB1 GR Equity,3395.0,8.0,,92300.0,1.279,1000000.0,10033500.0,,,1.279,,4.546,,,2.0,105013.333,27.2727,1.5,,,,,
634,2009-12-31,DB1 GR Equity,3600.0,8.0,,14800.0,0.799,1000000.0,7663500.0,,,0.845,,3.233,,,3.0,96088.889,32.2314,0.25,,,,,
635,2010-12-31,DB1 GR Equity,3490.0,8.0,,14800.0,1.349,1100000.0,11468200.0,,,1.445,,4.008,,,0.0,101105.556,46.281,1.25,0.0,0.0,,,
636,2011-12-31,DB1 GR Equity,3588.0,7.0,,60100.0,1.821,1100000.0,9404600.0,,,2.06,,4.531,,,0.0,100777.778,50.8264,2.25,1.0,0.0,,,
637,2012-12-31,DB1 GR Equity,3704.0,7.0,,17000.0,1.915,1100000.0,10544200.0,,,2.324,,4.426,,,2.0,84170.833,59.0909,3.25,1.0,0.0,,,
638,2013-12-31,DB1 GR Equity,3811.0,9.0,,21300.0,1.755,1100000.0,6006000.0,,,2.121,,4.351,,,1.0,119705.882,59.9174,4.25,1.0,0.0,,,
639,2014-12-31,DB1 GR Equity,4540.0,7.0,,29600.0,1.713,1100000.0,5823200.0,,,2.1390000000000002,,4.036,,,0.0,128482.353,54.5455,5.25,1.0,0.0,,,
640,2015-12-31,DB1 GR Equity,5283.0,6.0,,88700.0,1.4020000000000001,1278000.0,6442200.0,,,1.665,,2.991,,,5.0,107677.778,48.3471,6.25,1.0,0.0,0.0,,
641,2016-12-31,DB1 GR Equity,5176.0,6.0,,129300.0,1.512,1500000.0,7866400.0,,,1.738,,3.39,,,3.0,135761.538,49.1736,7.25,1.0,0.0,0.0,,
642,2017-12-31,DB1 GR Equity,5640.0,6.0,,36500.0,1.4849999999999999,1500000.0,7885400.0,,,1.688,,2.9370000000000003,,,1.0,153500.0,49.1736,8.25,1.0,0.0,0.0,,
643,2018-12-31,DB1 GR Equity,5964.0,6.0,,22900.0,1.464,1500000.0,8403200.0,,,1.599,,2.745,,,6.0,94943.478,48.3471,9.25,1.0,0.0,0.0,,
644,2019-12-31,DB1 GR Equity,6775.0,6.0,65.452,26800.0,1.437,1500000.0,8773400.0,,93.696,1.589,,2.8529999999999998,,,0.0,130588.889,44.6281,10.25,1.0,0.0,0.0,,
645,2005-12-31,AD NA Equity,,,,,,,,,,,,,,,,,,,,,,,
646,2006-12-31,AD NA Equity,,,,,,,,,,,,,,,,,,,,,,,
647,2007-12-31,AD NA Equity,141880.0,12.0,,260000.0,0.3385,1585000.0,8241000.0,,,0.3385,,0.5607,,,2.0,65625.0,24.7934,2.0,,,,,
648,2008-12-31,AD NA Equity,232236.0,10.0,,156000.0,0.225,945000.0,5900000.0,,,0.225,,0.5607,,,0.0,69142.8571,33.8843,1.5,,,,,
649,2009-12-31,AD NA Equity,232969.0,9.0,,173000.0,0.225,945000.0,4753000.0,,,0.225,,0.5607,,,1.0,66375.0,36.3636,2.5833,,,,,
650,2010-12-31,AD NA Equity,213000.0,5.0,,189000.0,0.225,945000.0,5003000.0,,,0.225,,0.5607,,,0.0,85375.0,40.0826,3.5833,,,,,
651,2011-12-31,AD NA Equity,218000.0,5.0,,80000.0,0.225,1047000.0,3450000.0,,,0.225,,0.5607,,,3.0,76111.1111,37.6033,4.5833,0.0,1.0,,,
652,2012-12-31,AD NA Equity,225000.0,6.0,,13000.0,0.1253,965000.0,4125000.0,,,0.1253,,0.2008,,,1.0,90750.0,42.1488,1.1667,0.0,1.0,,,
653,2013-12-31,AD NA Equity,222000.0,3.0,,12000.0,0.1771,975000.0,5249000.0,,,0.1771,,0.2802,,,0.0,91666.6667,39.6694,2.1667,0.0,1.0,,,
654,2014-12-31,AD NA Equity,227000.0,6.0,,13000.0,0.1453,987000.0,4077000.0,,,0.1453,,0.2802,,,0.0,117857.1429,38.4298,3.1667,0.0,1.0,,,
655,2015-12-31,AD NA Equity,236000.0,5.0,,305000.0,0.1453,1000000.0,5480000.0,,,0.1453,,0.2802,,,0.0,120000.0,39.2562,4.25,0.0,1.0,0.0,,
656,2016-12-31,AD NA Equity,370256.0,5.0,,297000.0,0.1453,1013000.0,3732000.0,,,0.1453,,0.2802,,,0.0,148400.0,40.0826,5.25,0.0,1.0,0.0,,
657,2017-12-31,AD NA Equity,369000.0,2.0,,329000.0,0.1453,1037000.0,7145000.0,,,0.1453,,0.2802,,0.0,0.0,156583.3333,42.9752,6.1667,0.0,1.0,0.0,,
658,2018-12-31,AD NA Equity,372000.0,4.0,,329000.0,0.1453,1559000.0,11230000.0,3529000.0,,0.1453,,0.2802,2779000.0,0.0,4.0,157666.6667,44.2149,7.1667,0.0,1.0,0.0,,
659,2019-12-31,AD NA Equity,380000.0,4.0,,329000.0,0.1453,1085000.0,7626000.0,1089000.0,,0.1453,,0.2802,248000.0,0.0,0.0,155285.7143,44.2149,8.1667,0.0,1.0,0.0,,
660,2005-12-31,ADS GR Equity,,,,,,,,,,,,,,,,,,,,,,,
661,2006-12-31,ADS GR Equity,,,,,,,,,,,,,,,,,,,,,,,
662,2007-12-31,ADS GR Equity,31344.0,4.0,,23000.0,0.361,1120000.0,6905000.0,,,0.368,,0.627,,,0.0,20568.4,30.9917,3.0,,,,,
663,2008-12-31,ADS GR Equity,38982.0,5.0,,26000.0,0.283,1250000.0,7060000.0,,,0.288,,0.858,,,0.0,72000.0,39.6694,4.0,,,,,
664,2009-12-31,ADS GR Equity,39596.0,5.0,,27000.0,0.336,1250000.0,6693000.0,,,0.342,,1.082,,,1.0,61993.75,39.6694,5.0,,,,,
665,2010-12-31,ADS GR Equity,42541.0,5.0,,28000.0,0.302,1373000.0,6959000.0,,,0.308,,1.003,,,0.0,76666.667,49.1736,6.0,,,,,
666,2011-12-31,ADS GR Equity,46824.0,5.0,89.505,27000.0,0.363,1400000.0,5794000.0,,115.801,0.371,,1.229,,,0.0,76666.667,45.8678,7.0,0.0,0.0,,,
667,2012-12-31,ADS GR Equity,46306.0,5.0,89.505,30000.0,0.123,1400000.0,6041000.0,,115.801,0.126,,0.422,,,0.0,76666.667,47.1074,8.0,1.0,0.0,,,
668,2013-12-31,ADS GR Equity,50728.0,5.0,89.505,30000.0,0.122,1482000.0,5420000.0,,115.801,0.124,,0.403,,,1.0,76666.667,46.6942,9.0,0.0,0.0,,,
669,2014-12-31,ADS GR Equity,53731.0,5.0,89.505,30000.0,0.242,1500000.0,6582910.0,,115.801,0.247,,0.825,,,2.0,65714.286,53.719,10.0,0.0,0.0,,,
670,2015-12-31,ADS GR Equity,55555.0,5.0,89.505,28199.0,0.208,1582258.0,7301490.0,,115.801,0.212,,0.698,,,0.0,101895.833,50.0,11.0,0.0,0.0,0.0,,
671,2016-12-31,ADS GR Equity,60617.0,5.0,89.505,45717.0,0.259,2033333.0,9040909.0,,115.801,0.264,,0.845,,,2.0,73740.556,40.9091,12.0,0.0,0.0,0.0,,
672,2017-12-31,ADS GR Equity,56888.0,6.0,70.184,452.0,0.263,2000000.0,10415136.0,,100.084,0.269,,0.905,,0.0,4.0,118250.0,44.2149,0.667,0.0,0.0,1.0,,
673,2018-12-31,ADS GR Equity,57016.0,6.0,70.184,19314.0,0.263,2000000.0,10254300.0,,100.084,0.267,,0.971,,0.0,0.0,137000.0,43.3884,1.667,0.0,0.0,1.0,,
674,2019-12-31,ADS GR Equity,59533.0,5.0,70.184,26417.0,0.233,2000000.0,10162987.0,,100.084,0.236,,0.841,,0.0,3.0,94680.0,42.1488,2.667,0.0,0.0,1.0,,
675,2005-12-31,ADYEN NA Equity,,,,,,,,,,,,,,,,,,,,,,,
676,2006-12-31,ADYEN NA Equity,,,,,,,,,,,,,,,,,,,,,,,
677,2007-12-31,ADYEN NA Equity,,,,,,,,,,,,,,,,,,,,,,,
678,2008-12-31,ADYEN NA Equity,,,,,,,,,,,,,,,,,,,,,,,
679,2009-12-31,ADYEN NA Equity,,,,,,,,,,,,,,,,,,,,,,,
680,2010-12-31,ADYEN NA Equity,,,,,,,,,,,,,,,,,,,,,,,
681,2011-12-31,ADYEN NA Equity,,,,,,,,,,,,,,,,,,,,,,,
682,2012-12-31,ADYEN NA Equity,,,,,,,,,,,,,,,,,,,,,,,
683,2013-12-31,ADYEN NA Equity,,,,,,,,,,,,,,,,,,,,,,,
684,2014-12-31,ADYEN NA Equity,,,,,,,,,,,,,,,,,,,,,,,
685,2015-12-31,ADYEN NA Equity,,,,,,,,,,,,,,,,,,,,,,,
686,2016-12-31,ADYEN NA Equity,,,,,,,,,,,,,,,,,,,,,,,
687,2017-12-31,ADYEN NA Equity,,,,,2.267,427195.0,2244127.0,,,2.267,,4.461,,7.578,1.0,50482.0,,6.583,,,,,
688,2018-12-31,ADYEN NA Equity,873.0,4.0,,,1.627,512305.0,2392865.0,,,1.627,,3.425,,7.578,0.0,50482.0,11.5702,7.583,1.0,0.0,0.0,,
689,2019-12-31,ADYEN NA Equity,1182.0,4.0,,,1.333,512510.0,2594385.0,,,1.333,,2.6870000000000003,,7.578,0.0,60000.0,21.4876,8.583,1.0,0.0,0.0,,
